Company Name,Alt Name,Website,Service Type,Coordinates,Zipcode,Province Name,Region Name
AUTOINGROS TORINO S.P.A. - AUTOINGROS,,www.autoingros-fcagroup.it/concessionario/abarth?locationCode=00006980&bannerid=DL&source=WCOR,sales,"(7.306126, 44.882829)",10064,Torino,Piemonte
QUEEN CAR S.R.L.,,www.queencar-fcagroup.it/concessionario/abarth?locationCode=00008241&bannerid=DL&source=WCOR,sales,"(7.774415, 44.855186)",10022,Torino,Piemonte
Torino Auto S.p.A.,,www.torinoauto-fcagroup.it/concessionario/abarth?locationCode=00004018&bannerid=DL&source=WCOR,sales,"(7.615714, 45.032198)",10137,Torino,Piemonte
TORINO AUTO S.P.A.,,www.torinoauto-fcagroup.it/concessionario/abarth?locationCode=00008160&bannerid=DL&source=WCOR,sales,"(7.584874, 45.05268)",10095,Torino,Piemonte
STELLANTIS &YOU TORINO,,www.mirafiorimotorvillage.it/concessionario/abarth?locationCode=00006997&bannerid=DL&source=WCOR,sales,"(7.624568, 45.034276)",10137,Torino,Piemonte
Autoingros Torino S.p.A.,,www.autoingros-fcagroup.it/concessionario/abarth?locationCode=00004102&bannerid=DL&source=WCOR,sales,"(7.638524, 45.056967)",10141,Torino,Piemonte
SPAZIO S.P.A.,,www.spazio-fcagroup.it/concessionario/abarth?locationCode=00005990&bannerid=DL&source=WCOR,sales,"(7.674795, 45.077191)",10122,Torino,Piemonte
FORZA SERVICE S.R.L.,, ,sales,"(7.673155, 45.105282)",10148,Torino,Piemonte
SPAZIO S.P.A.,,www.spazio-fcagroup.it/concessionario/abarth?locationCode=00005974&bannerid=DL&source=WCOR,sales,"(7.68497, 45.106848)",10148,Torino,Piemonte
AUTOINGROS TORINO S.P.A. - AUTOINGROS,,www.autoingros-fcagroup.it/concessionario/abarth?locationCode=00004097&bannerid=DL&source=WCOR,sales,"(7.65568, 45.141996)",10071,Torino,Piemonte
NUOVA AUTO ALPINA S.R.L.,,www.autoalpina-fcagroup.it/concessionario/abarth?locationCode=00006845&bannerid=DL&source=WCOR,sales,"(7.90578, 45.46966)",10015,Torino,Piemonte
GRIGNOLIO & C. S.R.L.,,www.grignolio-fcagroup.it/concessionario/abarth?locationCode=00007486&bannerid=DL&source=WCOR,sales,"(8.405546, 45.305694)",13100,Vercelli,Piemonte
ASTRA S.P.A.,,www.astra-fcagroup.it/concessionario/abarth?locationCode=00007396&bannerid=DL&source=WCOR,sales,"(8.568755, 45.450705)",28060,Novara,Piemonte
Astra S.p.A.,,www.astra-fcagroup.it/concessionario/abarth?locationCode=00000215&bannerid=DL&source=WCOR,sales,"(8.561643, 45.749794)",28041,Novara,Piemonte
ELLERO S.R.L.,,www.ellero-fcagroup.it/concessionario/abarth?locationCode=00006981&bannerid=DL&source=WCOR,sales,"(7.491018, 44.649483)",12037,Cuneo,Piemonte
TUA S.P.A.,,www.tua-fcagroup.it/concessionario/abarth?locationCode=00007565&bannerid=DL&source=WCOR,sales,"(7.554585, 44.42474)",12100,Cuneo,Piemonte
SPAZIO S.P.A.,,www.spazio-fcagroup.it/concessionario/abarth?locationCode=00005968&bannerid=DL&source=WCOR,sales,"(7.847117, 44.680754)",12042,Cuneo,Piemonte
Ellero S.r.l.,,www.ellero-fcagroup.it/concessionario/abarth?locationCode=00000491&bannerid=DL&source=WCOR,sales,"(7.812588, 44.398657)",12084,Cuneo,Piemonte
SPAZIO S.P.A.,,www.spazio-fcagroup.it/concessionario/abarth?locationCode=00005967&bannerid=DL&source=WCOR,sales,"(8.019071, 44.689575)",12051,Cuneo,Piemonte
Grignolio & C. S.r.l.,,www.grignolio-fcagroup.it/concessionario/abarth?locationCode=00000327&bannerid=DL&source=WCOR,sales,"(8.450854, 45.126175)",15033,Alessandria,Piemonte
ALESSANDRIA AUTO S.P.A.,,www.alessandriauto.it/concessionario/abarth?locationCode=00003623&bannerid=DL&source=WCOR,sales,"(8.687551, 44.890525)",15122,Alessandria,Piemonte
Visauto S.r.l.,,www.visauto-fcagroup.it/concessionario/abarth?locationCode=00002764&bannerid=DL&source=WCOR,sales,"(8.85618, 44.901424)",15057,Alessandria,Piemonte
Logica S.p.A.,,www.logica-fcagroup.it/concessionario/abarth?locationCode=00003825&bannerid=DL&source=WCOR,sales,"(8.056298, 45.569614)",13900,Biella,Piemonte
Ren Car S.r.l.,,www.rencar-fcagroup.it/concessionario/abarth?locationCode=00002414&bannerid=DL&source=WCOR,sales,"(8.550569, 45.948891)",28923,Verbano-Cusio-Ossola,Piemonte
Nuova Auto Alpina S.r.l.,,www.autoalpina-fcagroup.it/concessionario/abarth?locationCode=00001204&bannerid=DL&source=WCOR,sales,"(7.31949, 45.72804)",11020,Valle d'Aosta/Vallée d'Aoste,Valle d'Aosta/Vallée d'Aoste
AUTOTORINO S.P.A.,,www.autotorino-fcagroup.it/concessionario/abarth?locationCode=00007567&bannerid=DL&source=WCOR,sales,"(9.041046, 45.614012)",21047,Varese,Lombardia
Marelli & Pozzi S.p.A.,,www.marellipozzi-fcagroup.it/concessionario/abarth?locationCode=00003352&bannerid=DL&source=WCOR,sales,"(8.709322, 45.840183)",21026,Varese,Lombardia
MARELLI & POZZI S.P.A.,, ,sales,"(8.70502, 45.841491)",21026,Varese,Lombardia
MARELLI & POZZI S.P.A.,,www.marellipozzi-fcagroup.it/concessionario/abarth?locationCode=00003354&bannerid=DL&source=WCOR,sales,"(8.842779, 45.799899)",21100,Varese,Lombardia
Autoalberta S.r.l.,,www.autoalberta-fcagroup.it/concessionario/abarth?locationCode=00003263&bannerid=DL&source=WCOR,sales,"(9.038126, 45.684819)",22074,Como,Lombardia
SERRATORE S.P.A. - SERAUTO,,www.serratore-fcagroup.it/concessionario/abarth?locationCode=00003523&bannerid=DL&source=WCOR,sales,"(9.066516, 45.776898)",22070,Como,Lombardia
SERRATORE S.P.A. - SERAUTO,, ,sales,"(9.141545, 45.736431)",22063,Como,Lombardia
Gruppo Serratore,,www.serratore-fcagroup.it/concessionario/abarth?locationCode=00003521&bannerid=DL&source=WCOR,sales,"(9.237148, 45.802863)",22036,Como,Lombardia
L'Auto S.r.l.,,www.lauto-fcagroup.it/concessionario/abarth?locationCode=00001559&bannerid=DL&source=WCOR,sales,"(9.910662, 46.170805)",23020,Sondrio,Lombardia
S.T.A.V. S.P.A.,,www.stav-fcagroup.it/concessionario/abarth?locationCode=00000453&bannerid=DL&source=WCOR,sales,"(8.879012, 45.454233)",20013,Milano,Lombardia
Garavaglia Auto,,www.garavaglia-fcagroup.it/concessionario/abarth?locationCode=00006158&bannerid=DL&source=WCOR,sales,"(8.858473, 45.514344)",20010,Milano,Lombardia
DENICAR S.P.A.,, ,sales,"(9.079883, 45.420187)",20090,Milano,Lombardia
SANTINO CERIANI S.R.L.,,www.ceriani-fcagroup.it/concessionario/abarth?locationCode=00005465&bannerid=DL&source=WCOR,sales,"(8.937077, 45.610855)",20025,Milano,Lombardia
DENICAR S.P.A.,,www.denicar-fcagroup.it/concessionario/abarth?locationCode=00005938&bannerid=DL&source=WCOR,sales,"(9.094793, 45.481844)",20153,Milano,Lombardia
Denicar S.p.A.,,www.denicar-fcagroup.it/concessionario/abarth?locationCode=00005933&bannerid=DL&source=WCOR,sales,"(9.119037, 45.448956)",20152,Milano,Lombardia
MOCAUTOGROUP S.R.L.,,www.mocauto-fcagroup.it/concessionario/abarth?locationCode=00008426&bannerid=DL&source=WCOR,sales,"(9.175952, 45.414302)",20142,Milano,Lombardia
Fassina S.p.A.,,www.fassina-fcagroup.it/concessionario/abarth?locationCode=00006351&bannerid=DL&source=WCOR,sales,"(9.118144, 45.520616)",20157,Milano,Lombardia
STELLANTIS &YOU MILANO,,www.motorvillagearese.it/concessionario/abarth?locationCode=00010041&bannerid=DL&source=WCOR,sales,"(9.150759, 45.484594)",20149,Milano,Lombardia
SIMOCAR S.R.L.,, ,sales,"(9.16483, 45.56899)",20037,Milano,Lombardia
MASSIRONI S.R.L.,,www.massironi-fcagroup.it/concessionario/abarth?locationCode=00001872&bannerid=DL&source=WCOR,sales,"(9.32164, 45.36358)",20077,Milano,Lombardia
Chioda S.r.l.,,www.chioda-fcagroup.it/concessionario/abarth?locationCode=00001664&bannerid=DL&source=WCOR,sales,"(9.412327, 45.496858)",20066,Milano,Lombardia
AUTOGHINZANI S.R.L.,,www.autoghinzani-fcagroup.it/concessionario/abarth?locationCode=00002755&bannerid=DL&source=WCOR,sales,"(9.468328, 45.688347)",24033,Bergamo,Lombardia
BRESCIANI S.R.L.,, ,sales,"(9.6285, 45.6037)",24059,Bergamo,Lombardia
Gruppo Emmeciauto - Contiauto,,www.gruppoemmeciauto-fcagroup.it/concessionario/abarth?locationCode=00000565&bannerid=DL&source=WCOR,sales,"(9.602322, 45.686365)",24035,Bergamo,Lombardia
DENICAR S.P.A.,,www.denicar-fcagroup.it/concessionario/abarth?locationCode=00008187&bannerid=DL&source=WCOR,sales,"(9.644124, 45.674943)",24127,Bergamo,Lombardia
AUTOGHINZANI S.R.L.,,www.autoghinzani-fcagroup.it/concessionario/abarth?locationCode=00007701&bannerid=DL&source=WCOR,sales,"(9.797358, 45.678648)",24060,Bergamo,Lombardia
GRUPPO EMMECIAUTO S.P.A. - MESSINA& C. S.R.L.,,www.gruppoemmeciauto-fcagroup.it/concessionario/abarth?locationCode=00000566&bannerid=DL&source=WCOR,sales,"(9.823467, 45.788198)",24025,Bergamo,Lombardia
GRUPPO BOSSONI S.P.A.,,www.gruppobossoni-fcagroup.it/concessionario/abarth?locationCode=00001578&bannerid=DL&source=WCOR,sales,"(9.924302, 45.401931)",25034,Brescia,Lombardia
GRUPPO BOSSONI S.P.A.,,www.gruppobossoni-fcagroup.it/concessionario/abarth?locationCode=00001575&bannerid=DL&source=WCOR,sales,"(10.135759, 45.344952)",25025,Brescia,Lombardia
Gruppo Bossoni S.p.A.,,www.gruppobossoni-fcagroup.it/concessionario/abarth?locationCode=00001568&bannerid=DL&source=WCOR,sales,"(10.162194, 45.546848)",25125,Brescia,Lombardia
GRUPPO BOSSONI S.P.A.,,www.gruppobossoni-fcagroup.it/concessionario/abarth?locationCode=00006412&bannerid=DL&source=WCOR,sales,"(10.306991, 45.513137)",25086,Brescia,Lombardia
GRUPPO BOSSONI S.P.A.,,www.gruppobossoni-fcagroup.it/concessionario/abarth?locationCode=00001573&bannerid=DL&source=WCOR,sales,"(10.520924, 45.449339)",25015,Brescia,Lombardia
Danilo Degiorgi,,www.degiorgi-fcagroup.it/concessionario/abarth?locationCode=00001167&bannerid=DL&source=WCOR,sales,"(9.057335, 44.996813)",27058,Pavia,Lombardia
Stav S.p.A.,,www.stav-fcagroup.it/concessionario/abarth?locationCode=00000455&bannerid=DL&source=WCOR,sales,"(8.848962, 45.298492)",27029,Pavia,Lombardia
AUTOINGROSS TORINO SPA,,www.autoingros-fcagroup.it/concessionario/abarth?locationCode=00010222&bannerid=DL&source=WCOR,sales,"(9.12008, 45.141575)",27028,Pavia,Lombardia
GRUPPO BOSSONI S.P.A.,,www.gruppobossoni-fcagroup.it/concessionario/abarth?locationCode=00001567&bannerid=DL&source=WCOR,sales,"(9.626082, 45.367351)",26010,Cremona,Lombardia
GRUPPO BOSSONI S.P.A.,, ,sales,"(9.981407, 45.149088)",26100,Cremona,Lombardia
GRUPPO BOSSONI S.P.A.,,www.gruppobossoni-fcagroup.it/concessionario/abarth?locationCode=00008165&bannerid=DL&source=WCOR,sales,"(10.005793, 45.146027)",26100,Cremona,Lombardia
GRUPPO BOSSONI S.P.A.,,www.gruppobossoni-fcagroup.it/concessionario/abarth?locationCode=00007289&bannerid=DL&source=WCOR,sales,"(10.789933, 45.18944)",46047,Mantova,Lombardia
GRUPPO BOSSONI S.P.A.,, ,sales,"(10.789933, 45.18944)",46047,Mantova,Lombardia
Penati Auto S.p.A.,,www.penati-fcagroup.it/concessionario/abarth?locationCode=00004614&bannerid=DL&source=WCOR,sales,"(9.312783, 45.701741)",23880,Lecco,Lombardia
PENATI AUTO S.P.A.,, ,sales,"(9.401015, 45.690085)",23870,Lecco,Lombardia
SERRATORE S.P.A. - SERAUTO,,www.serratore-fcagroup.it/concessionario/abarth?locationCode=00007231&bannerid=DL&source=WCOR,sales,"(9.410331, 45.838582)",23900,Lecco,Lombardia
Lazzari,,www.lazzari-fcagroup.it/concessionario/abarth?locationCode=00005786&bannerid=DL&source=WCOR,sales,"(9.458235, 45.323485)",26900,Lodi,Lombardia
LAZZARI S.P.A.,,www.lazzari-fcagroup.it/concessionario/abarth?locationCode=00005783&bannerid=DL&source=WCOR,sales,"(9.673888, 45.150789)",26845,Lodi,Lombardia
G. VILLA S.R.L.,,www.villa-fcagroup.it/concessionario/abarth?locationCode=00001859&bannerid=DL&source=WCOR,sales,"(9.254339, 45.60064)",20052,Monza e della Brianza,Lombardia
PENATI AUTO S.P.A.,,www.penati-fcagroup.it/concessionario/abarth?locationCode=00004613&bannerid=DL&source=WCOR,sales,"(9.321709, 45.612446)",20043,Monza e della Brianza,Lombardia
G. Villa S.r.l.,,www.villa-fcagroup.it/concessionario/abarth?locationCode=00001861&bannerid=DL&source=WCOR,sales,"(9.316, 45.579892)",20052,Monza e della Brianza,Lombardia
BARCHETTI1 S.P.A.,,www.barchetti-fcagroup.it/concessionario/abarth?locationCode=00008324&bannerid=DL&source=WCOR,sales,"(11.332371, 46.478213)",39100,Bolzano/Bozen,Trentino-Alto Adige/Südtirol
CECCATO AUTOMOBILI S.P.A.,,www.gruppoceccato-fcagroup.it/concessionario/abarth?locationCode=00008050&bannerid=DL&source=WCOR,sales,"(11.099097, 46.118232)",38121,Trento,Trentino-Alto Adige/Südtirol
CECCATO AUTOMOBILI S.P.A.,,www.gruppoceccato-fcagroup.it/concessionario/abarth?locationCode=00008368&bannerid=DL&source=WCOR,sales,"(10.973218, 45.402267)",37135,Verona,Veneto
AUTOTEAM 9 S.R.L.,,www.autoteam9-fcagroup.it/concessionario/abarth?locationCode=00008264&bannerid=DL&source=WCOR,sales,"(10.960875, 45.445028)",37138,Verona,Veneto
AUTOTEAM 9 SRL,,www.autoteam9-fcagroup.it/concessionario/abarth?locationCode=00010259&bannerid=DL&source=WCOR,sales,"(11.244281, 45.208727)",37035,Verona,Veneto
Zancauto S.r.l.,,www.zancauto-srl.it/concessionario/abarth?locationCode=00003606&bannerid=DL&source=WCOR,sales,"(11.380042, 45.326084)",37040,Verona,Veneto
Ceccato Automobili,,www.gruppoceccato-fcagroup.it/concessionario/abarth?locationCode=00001398&bannerid=DL&source=WCOR,sales,"(11.387363, 45.717592)",36015,Vicenza,Veneto
CECCATO AUTOMOBILI S.P.A.,,www.gruppoceccato-fcagroup.it/concessionario/abarth?locationCode=00006895&bannerid=DL&source=WCOR,sales,"(11.48338, 45.693449)",36016,Vicenza,Veneto
CECCATO AUTOMOBILI S.P.A.,,www.gruppoceccato-fcagroup.it/concessionario/abarth?locationCode=00001396&bannerid=DL&source=WCOR,sales,"(11.747594, 45.752486)",36061,Vicenza,Veneto
DE BONA S.R.L.,,www.debona-fcagroup.it/concessionario/abarth?locationCode=00008073&bannerid=DL&source=WCOR,sales,"(11.510266, 45.526001)",36100,Vicenza,Veneto
De Bona Motors,,www.debona-fcagroup.it/concessionario/abarth?locationCode=00001445&bannerid=DL&source=WCOR,sales,"(12.24304, 46.164659)",32100,Belluno,Veneto
AUTOSILE S.R.L.,,www.autosile-fcagroup.it/concessionario/abarth?locationCode=00008288&bannerid=DL&source=WCOR,sales,"(12.056714, 45.783477)",31044,Treviso,Veneto
DE BONA S.R.L.,,www.debona-fcagroup.it/concessionario/abarth?locationCode=00001455&bannerid=DL&source=WCOR,sales,"(12.267325, 45.864299)",31058,Treviso,Veneto
CECCATO AUTOMOBILI S.P.A.,,www.gruppoceccato-fcagroup.it/concessionario/abarth?locationCode=00006613&bannerid=DL&source=WCOR,sales,"(11.959977, 45.685272)",31033,Treviso,Veneto
AUTOSILE S.R.L.,,www.autosile-fcagroup.it/concessionario/abarth?locationCode=00005082&bannerid=DL&source=WCOR,sales,"(12.252499, 45.729009)",31020,Treviso,Veneto
CAMPELLO S.P.A. - CAMPELLO MOTORS,,www.campellomotors-fcagroup.it/concessionario/abarth?locationCode=00004567&bannerid=DL&source=WCOR,sales,"(12.075463, 45.497144)",30035,Venezia,Veneto
CAMPELLO S.P.A. - CAMPELLO MOTORS,,www.campellomotors-fcagroup.it/concessionario/abarth?locationCode=00008167&bannerid=DL&source=WCOR,sales,"(12.237271, 45.512952)",30174,Venezia,Veneto
SINA S.P.A. - SOCIETA' INDUSTRIALEAUTOVEICOLI,,www.sina-fcagroup.it/concessionario/abarth?locationCode=00000598&bannerid=DL&source=WCOR,sales,"(12.826214, 45.78982)",30026,Venezia,Veneto
BI-ELLE AUTO S.P.A.,, ,sales,"(11.619053, 45.225092)",35045,Padova,Veneto
Bi-Elle Auto S.p.A.,, ,sales,"(11.757195, 45.246926)",35043,Padova,Veneto
CECCATO AUTOMOBILI S.P.A.,,www.gruppoceccato-fcagroup.it/concessionario/abarth?locationCode=00006615&bannerid=DL&source=WCOR,sales,"(11.830037, 45.345307)",35020,Padova,Veneto
CECCATO AUTOMOBILI S.P.A.,,www.gruppoceccato-fcagroup.it/concessionario/abarth?locationCode=00006400&bannerid=DL&source=WCOR,sales,"(11.895245, 45.411344)",35131,Padova,Veneto
BI-ELLE AUTO S.P.A.,,www.gruppobielle.it/concessionario/abarth?locationCode=00000053&bannerid=DL&source=WCOR,sales,"(11.968757, 45.425313)",35010,Padova,Veneto
AUTOTEAM 9 S.R.L.,,www.autoteam9-fcagroup.it/concessionario/abarth?locationCode=00008015&bannerid=DL&source=WCOR,sales,"(11.779818, 45.03414)",45100,Rovigo,Veneto
PRONTOAUTO S.P.A.,,www.prontoauto-fcagroup.it/concessionario/abarth?locationCode=00008435&bannerid=DL&source=WCOR,sales,"(13.22251, 46.10976)",33010,Udine,Friuli-Venezia Giulia
Prontoauto,,www.prontoauto-fcagroup.it/concessionario/abarth?locationCode=00001082&bannerid=DL&source=WCOR,sales,"(13.18951, 46.20392)",33017,Udine,Friuli-Venezia Giulia
PRONTOAUTO S.P.A.,,www.prontoauto-fcagroup.it/concessionario/abarth?locationCode=00006492&bannerid=DL&source=WCOR,sales,"(13.332652, 45.830523)",33052,Udine,Friuli-Venezia Giulia
BLIZ S.R.L.,,www.blizauto-fcagroup.it/concessionario/abarth?locationCode=00010177&bannerid=DL&source=WCOR,sales,"(13.820221, 45.612011)",34138,Trieste,Friuli-Venezia Giulia
Sina S.p.A.,,www.sina-fcagroup.it/concessionario/abarth?locationCode=00000597&bannerid=DL&source=WCOR,sales,"(12.642976, 45.973309)",33170,Pordenone,Friuli-Venezia Giulia
SINA S.P.A. - SOCIETA' INDUSTRIALEAUTOVEICOLI,, ,sales,"(12.901588, 46.103892)",33097,Pordenone,Friuli-Venezia Giulia
Autoliguria,,www.autoliguria-fcagroup.it/concessionario/abarth?locationCode=00002780&bannerid=DL&source=WCOR,sales,"(8.461721, 44.296338)",17100,Savona,Liguria
AUTOLIGURIA S.R.L.,,www.autoliguria-fcagroup.it/concessionario/abarth?locationCode=00007175&bannerid=DL&source=WCOR,sales,"(8.189273, 44.055853)",17031,Savona,Liguria
SPAZIO S.P.A.,,www.spazio-fcagroup.it/concessionario/abarth?locationCode=00007806&bannerid=DL&source=WCOR,sales,"(8.858139, 44.418794)",16153,Genova,Liguria
SPAZIO S.P.A.,,www.spazio-fcagroup.it/concessionario/abarth?locationCode=00007818&bannerid=DL&source=WCOR,sales,"(8.945708, 44.400451)",16145,Genova,Liguria
Simcar S.r.l.,,www.simcar-fcagroup.it/concessionario/abarth?locationCode=00005671&bannerid=DL&source=WCOR,sales,"(9.841266, 44.121864)",19125,La Spezia,Liguria
LA LUNENSE S.R.L.,, ,sales,"(9.969673, 44.104187)",19038,La Spezia,Liguria
Programma Auto S.p.A.,, ,sales,"(9.706045, 45.035124)",29122,Piacenza,Emilia-Romagna
PROGRAMMA AUTO S.P.A.,,www.programmauto-fcagroup.it/concessionario/abarth?locationCode=00002728&bannerid=DL&source=WCOR,sales,"(9.73535, 45.0306)",29122,Piacenza,Emilia-Romagna
AUTO ZATTI S.R.L.,,www.autozatti-fcagroup.it/concessionario/abarth?locationCode=00008170&bannerid=DL&source=WCOR,sales,"(10.111978, 44.85338)",43012,Parma,Emilia-Romagna
Auto Zatti,,www.autozatti-fcagroup.it/concessionario/abarth?locationCode=00002281&bannerid=DL&source=WCOR,sales,"(10.288466, 44.80957)",43121,Parma,Emilia-Romagna
AUTO ZATTI S.R.L.,, ,sales,"(10.481246, 44.863769)",42040,Reggio nell'Emilia,Emilia-Romagna
AUTO ZATTI S.R.L.,, ,sales,"(10.652905, 44.914571)",42016,Reggio nell'Emilia,Emilia-Romagna
AUTOSTILE S.P.A.,,www.autostile-fcagroup.it/concessionario/abarth?locationCode=00002632&bannerid=DL&source=WCOR,sales,"(10.579743, 44.717633)",42100,Reggio nell'Emilia,Emilia-Romagna
C.A.A.R. S.r.l.,,www.caar-fcagroup.it/concessionario/abarth?locationCode=00002683&bannerid=DL&source=WCOR,sales,"(10.426299, 44.436026)",42035,Reggio nell'Emilia,Emilia-Romagna
F.LLI BONACINI  S.P.A.,,www.bonacini-fcagroup.it/concessionario/abarth?locationCode=00002751&bannerid=DL&source=WCOR,sales,"(10.74901, 44.657426)",42100,Reggio nell'Emilia,Emilia-Romagna
F.LLI  BONACINI S.P.A.,,www.bonacini-fcagroup.it/concessionario/abarth?locationCode=00007989&bannerid=DL&source=WCOR,sales,"(10.880838, 44.771409)",41012,Modena,Emilia-Romagna
Sport Rama Gruppo Autorama,,www.gruppoautorama-fcagroup.it/concessionario/abarth?locationCode=00004555&bannerid=DL&source=WCOR,sales,"(10.787234, 44.556462)",41049,Modena,Emilia-Romagna
GRUPPO AUTORAMA S.P.A.,,www.gruppoautorama-fcagroup.it/concessionario/abarth?locationCode=00007593&bannerid=DL&source=WCOR,sales,"(10.97799, 44.66392)",41122,Modena,Emilia-Romagna
Maresca e Fiorentino S.p.A.,,www.marescafiorentino-fcagroup.it/concessionario/abarth?locationCode=00000850&bannerid=DL&source=WCOR,sales,"(11.279301, 44.515651)",40132,Bologna,Emilia-Romagna
Gruppoghedini,,www.gruppoghedini-fcagroup.it/concessionario/abarth?locationCode=00004079&bannerid=DL&source=WCOR,sales,"(11.402264, 44.503954)",40138,Bologna,Emilia-Romagna
Autosica,,www.autosica-fcagroup.it/concessionario/abarth?locationCode=00001406&bannerid=DL&source=WCOR,sales,"(11.728243, 44.367417)",40026,Bologna,Emilia-Romagna
GHETTI MULTISERVICE S.R.L.,,www.ghetti-fcagroup.it/concessionario/abarth?locationCode=00007332&bannerid=DL&source=WCOR,sales,"(12.148678, 44.420663)",48124,Ravenna,Emilia-Romagna
AUTO SICA S.R.L.,,www.autosica-fcagroup.it/concessionario/abarth?locationCode=00010119&bannerid=DL&source=WCOR,sales,"(12.041273, 44.222728)",47100,Forlì-Cesena,Emilia-Romagna
PULZONI - ANTONELLI,,www.autosat-fcagroup.it/concessionario/abarth?locationCode=00004634&bannerid=DL&source=WCOR,sales,"(12.274898, 44.128498)",47023,Forlì-Cesena,Emilia-Romagna
DI.BA. S.P.A.,,www.diba-spa.it/concessionario/abarth?locationCode=00010130&bannerid=DL&source=WCOR,sales,"(12.58024, 44.04219)",47900,Rimini,Emilia-Romagna
Rossi Leauto,,www.rossileauto-fcagroup.it/concessionario/abarth?locationCode=00001597&bannerid=DL&source=WCOR,sales,"(10.09418, 44.030454)",54100,Massa-Carrara,Toscana
GENERAL AUTO DI SICILIANO S.R.L.,,www.generalauto-srl.it/concessionario/abarth?locationCode=00007061&bannerid=DL&source=WCOR,sales,"(10.29759, 43.883572)",55054,Lucca,Toscana
AUTO-SI S.R.L.,,www.autosi-fcagroup.it/concessionario/abarth?locationCode=00001231&bannerid=DL&source=WCOR,sales,"(10.486307, 43.839926)",55100,Lucca,Toscana
BRANDINI S.P.A.,,www.brandini-fcagroup.it/concessionario/abarth?locationCode=00006821&bannerid=DL&source=WCOR,sales,"(10.935494, 43.987713)",51100,Pistoia,Toscana
CAR VILLAGE S.R.L.,,www.carvillage-fcagroup.it/concessionario/abarth?locationCode=00008292&bannerid=DL&source=WCOR,sales,"(11.19924, 43.83193)",50019,Firenze,Toscana
Brandini,,www.brandini-fcagroup.it/concessionario/abarth?locationCode=00000990&bannerid=DL&source=WCOR,sales,"(11.235795, 43.773248)",50142,Firenze,Toscana
SCOTTI S.P.A.,,www.grupposcotti-fcagroup.it/concessionario/abarth?locationCode=00005403&bannerid=DL&source=WCOR,sales,"(10.9104, 43.7049)",50053,Firenze,Toscana
SCOTTI  S.P.A.,,www.grupposcotti-fcagroup.it/concessionario/abarth?locationCode=00006911&bannerid=DL&source=WCOR,sales,"(10.33337, 43.576426)",57121,Livorno,Toscana
Giustiauto,,www.giustiauto-fcagroup.it/concessionario/abarth?locationCode=00002503&bannerid=DL&source=WCOR,sales,"(10.43804, 43.679609)",56121,Pisa,Toscana
GIUSTIAUTO S.R.L.,, ,sales,"(10.554595, 43.676007)",56021,Pisa,Toscana
Auto 2000,,www.autoduemila.it/concessionario/abarth?locationCode=00001702&bannerid=DL&source=WCOR,sales,"(10.629337, 43.62828)",56038,Pisa,Toscana
Nuovauto S.p.A.,,www.nuovauto-fcagroup.it/concessionario/abarth?locationCode=00000922&bannerid=DL&source=WCOR,sales,"(11.555784, 43.551157)",52028,Arezzo,Toscana
IVAR AUTO S.P.A.,,www.ivarauto-fcagroup.it/concessionario/abarth?locationCode=00007299&bannerid=DL&source=WCOR,sales,"(11.840193, 43.462313)",52100,Arezzo,Toscana
SIENA AUTO S.R.L.,,www.sienaauto-spa.it/concessionario/abarth?locationCode=00000157&bannerid=DL&source=WCOR,sales,"(11.429648, 43.219773)",53014,Siena,Toscana
S.M.A.B. DI MARZUCCHI ALFREDO E C.S.N.C.,, ,sales,"(11.375273, 43.265047)",53100,Siena,Toscana
UGO SCOTTI S.R.L.,,www.ugoscotti-fcagroup.it/concessionario/abarth?locationCode=00005448&bannerid=DL&source=WCOR,sales,"(11.338064, 43.291951)",53100,Siena,Toscana
BRANDINI S.P.A.,,www.brandini-fcagroup.it/concessionario/abarth?locationCode=00007584&bannerid=DL&source=WCOR,sales,"(11.0998, 42.78207)",58100,Grosseto,Toscana
DOTT. MANLIO PALMUCCI S.P.A. - NUOVA 4M,,www.palmucci-fcagroup.it/concessionario/abarth?locationCode=00008258&bannerid=DL&source=WCOR,sales,"(11.065654, 43.879607)",59100,Prato,Toscana
Dott. Manlio Palmucci S.p.A.,,www.palmucci-fcagroup.it/concessionario/abarth?locationCode=00000704&bannerid=DL&source=WCOR,sales,"(11.112023, 43.869331)",59100,Prato,Toscana
SATIRI AUTO S.P.A.,,www.satiri-fcagroup.it/concessionario/abarth?locationCode=00008098&bannerid=DL&source=WCOR,sales,"(12.220462, 43.487045)",6012,Perugia,Umbria
SATIRI AUTO S.P.A.,, ,sales,"(12.5722, 43.3473)",6024,Perugia,Umbria
SATIRI AUTO S.P.A.,,www.satiri-fcagroup.it/concessionario/abarth?locationCode=00007354&bannerid=DL&source=WCOR,sales,"(12.36702, 43.09214)",6128,Perugia,Umbria
Marchiauto,,www.marchi-fcagroup.it/concessionario/abarth?locationCode=00001789&bannerid=DL&source=WCOR,sales,"(12.561679, 43.055902)",6083,Perugia,Umbria
Satiri Auto,, ,sales,"(12.7769, 43.234)",6023,Perugia,Umbria
SATIRI AUTO S.P.A.,,www.satiri-fcagroup.it/concessionario/abarth?locationCode=00007272&bannerid=DL&source=WCOR,sales,"(12.73015, 42.894622)",6039,Perugia,Umbria
Gruppo DIBa,,www.diba-spa.it/concessionario/abarth?locationCode=00000171&bannerid=DL&source=WCOR,sales,"(12.884779, 43.894629)",61100,Pesaro e Urbino,Marche
DI.BA. S.P.A.,,www.diba-spa.it/concessionario/abarth?locationCode=00000168&bannerid=DL&source=WCOR,sales,"(13.0441, 43.831757)",61032,Pesaro e Urbino,Marche
Rondina Auto S.r.l.,,www.rondina-fcagroup.it/concessionario/abarth?locationCode=00000800&bannerid=DL&source=WCOR,sales,"(13.103106, 43.740767)",61037,Pesaro e Urbino,Marche
FRULLA S.R.L.,,www.frulla-fcagroup.it/concessionario/abarth?locationCode=00000198&bannerid=DL&source=WCOR,sales,"(13.193204, 43.728306)",60019,Ancona,Marche
Lucesoli & Mazzieri S.p.A.,,www.lucesolimazzieri-fcagroup.it/concessionario/abarth?locationCode=00000869&bannerid=DL&source=WCOR,sales,"(13.50865, 43.599565)",60128,Ancona,Marche
DI.BA. S.P.A.,,www.diba-spa.it/concessionario/abarth?locationCode=00000165&bannerid=DL&source=WCOR,sales,"(13.51153, 43.543597)",60131,Ancona,Marche
LUCESOLI & MAZZIERI S.P.A.,, ,sales,"(13.498011, 43.520425)",60027,Ancona,Marche
Menchi,, ,sales,"(13.492348, 43.274181)",62100,Macerata,Marche
Tombolini Motor Company,,www.tombolini-fcagroup.it/concessionario/abarth?locationCode=00000978&bannerid=DL&source=WCOR,sales,"(13.68172, 43.28288)",62012,Macerata,Marche
EMILCAR S.R.L.,,www.emilcar-fcagroup.it/concessionario/abarth?locationCode=00008434&bannerid=DL&source=WCOR,sales,"(13.60658, 42.85185)",63100,Ascoli Piceno,Marche
EMILCAR S.R.L.,,www.emilcar-fcagroup.it/concessionario/abarth?locationCode=00008421&bannerid=DL&source=WCOR,sales,"(13.88276, 42.90805)",63039,Ascoli Piceno,Marche
TOMBOLINI MOTOR COMPANY S.P.A.,,www.tombolini-fcagroup.it/concessionario/abarth?locationCode=00000979&bannerid=DL&source=WCOR,sales,"(13.802481, 43.16304)",63822,Fermo,Marche
Centroautovt,,www.centroautovt-fcagroup.it/concessionario/abarth?locationCode=00006301&bannerid=DL&source=WCOR,sales,"(12.078869, 42.430155)",1100,Viterbo,Lazio
Autocentro Olgiata,,www.autocentroolgiata.it/concessionario/abarth?locationCode=00003092&bannerid=DL&source=WCOR,sales,"(12.376796, 42.023774)",123,Roma,Lazio
A. Fiori S.p.A.,,www.angelofiori-fcagroup.it/concessionario/abarth?locationCode=00002074&bannerid=DL&source=WCOR,sales,"(12.382553, 41.887983)",166,Roma,Lazio
ANGELO FIORI S.P.A.,,www.angelofiori-fcagroup.it/concessionario/abarth?locationCode=00002069&bannerid=DL&source=WCOR,sales,"(12.265763, 41.7397)",121,Roma,Lazio
STELLANTIS & YOU ROMA,,www.motorvillageitalia-roma.it/concessionario/abarth?locationCode=00005886&bannerid=DL&source=WCOR,sales,"(12.451443, 41.836867)",148,Roma,Lazio
ROSATI AUTO S.R.L. - GRUPPO ROSATI,,www.grupporosati-fcagroup.it/concessionario/abarth?locationCode=00006956&bannerid=DL&source=WCOR,sales,"(12.507863, 41.940196)",138,Roma,Lazio
ROSATI AUTO SRL - PROGRESSO,,www.grupporosati-fcagroup.it/concessionario/abarth?locationCode=00002033&bannerid=DL&source=WCOR,sales,"(12.48385, 41.845258)",142,Roma,Lazio
STELLANTIS & YOU ROMA,,www.motorvillageitalia-roma.it/concessionario/abarth?locationCode=00005888&bannerid=DL&source=WCOR,sales,"(12.506026, 41.890162)",185,Roma,Lazio
STELLANTIS & YOU ROMA,, ,sales,"(12.511339, 41.892627)",185,Roma,Lazio
ROSATI AUTO S.R.L. - GRUPPO ROSATI,, ,sales,"(12.54907, 41.969398)",139,Roma,Lazio
ROSATI AUTO S.R.L. - GRUPPO ROSATI,, ,sales,"(12.588952, 41.907064)",155,Roma,Lazio
Gruppo Rosati,,www.grupporosati-fcagroup.it/concessionario/abarth?locationCode=00002038&bannerid=DL&source=WCOR,sales,"(12.594845, 41.93273)",156,Roma,Lazio
AUTOPRENESTE S.R.L.,,www.autopreneste-fcagroup.it/concessionario/abarth?locationCode=00007822&bannerid=DL&source=WCOR,sales,"(12.616107, 41.759235)",47,Roma,Lazio
ECO-LIRI S.P.A.,,www.ecoliri.it/concessionario/abarth?locationCode=00003331&bannerid=DL&source=WCOR,sales,"(12.903597, 41.467567)",4100,Latina,Lazio
JOLLY AUTO S.R.L.,,www.jollyauto-fcagroup.it/concessionario/abarth?locationCode=00007023&bannerid=DL&source=WCOR,sales,"(13.336405, 41.569865)",3023,Frosinone,Lazio
Eco Liri,,www.ecoliri.it/concessionario/abarth?locationCode=00003334&bannerid=DL&source=WCOR,sales,"(13.762412, 41.405173)",3047,Frosinone,Lazio
Jolly Auto,,www.jollyauto-fcagroup.it/concessionario/abarth?locationCode=00003410&bannerid=DL&source=WCOR,sales,"(13.574583, 41.702831)",3039,Frosinone,Lazio
Sterpetti S.r.l.,,www.sterpetti-fcagroup.it/concessionario/abarth?locationCode=00000725&bannerid=DL&source=WCOR,sales,"(13.482727, 42.059835)",67051,L'Aquila,Abruzzo
Auto 4 S.r.l.,,www.auto4-fcagroup.it/concessionario/abarth?locationCode=00001891&bannerid=DL&source=WCOR,sales,"(13.937024, 42.801021)",64019,Teramo,Abruzzo
Progetto Auto,,www.progettoauto-srl.it/concessionario/abarth?locationCode=00002055&bannerid=DL&source=WCOR,sales,"(14.036636, 42.648327)",64025,Teramo,Abruzzo
Danelli S.r.l.,,www.danelli-fcagroup.it/concessionario/abarth?locationCode=00003661&bannerid=DL&source=WCOR,sales,"(14.195162, 42.477888)",65124,Pescara,Abruzzo
Giansante Auto S.r.l.,,www.giansante-fcagroup.it/concessionario/abarth?locationCode=00000133&bannerid=DL&source=WCOR,sales,"(14.14129, 42.36494)",66100,Chieti,Abruzzo
GIANSANTE AUTO S.R.L.,,www.giansante-fcagroup.it/concessionario/abarth?locationCode=00000136&bannerid=DL&source=WCOR,sales,"(14.172055, 42.415644)",66020,Chieti,Abruzzo
FRENTAUTO S.P.A.,,www.frentauto.it/concessionario/abarth?locationCode=00003343&bannerid=DL&source=WCOR,sales,"(14.431953, 42.21416)",66030,Chieti,Abruzzo
FRENTAUTO S.P.A.,,www.frentauto.it/concessionario/abarth?locationCode=00006928&bannerid=DL&source=WCOR,sales,"(14.724834, 42.093006)",66054,Chieti,Abruzzo
FRENTAUTO S.P.A.,,www.frentauto.it/concessionario/abarth?locationCode=00007454&bannerid=DL&source=WCOR,sales,"(14.66568, 41.587612)",86100,Campobasso,Molise
AMICA & C. S.R.L.,,www.amica-fcagroup.it/concessionario/abarth?locationCode=00007420&bannerid=DL&source=WCOR,sales,"(14.333113, 41.042928)",81100,Caserta,Campania
SARA 3 S.R.L.,,www.concessionariasara3.it/concessionario/abarth?locationCode=00007553&bannerid=DL&source=WCOR,sales,"(14.777066, 41.143336)",82100,Benevento,Campania
Russauto Di E. Pianese S.r.l.,,www.russauto-srl.it/abarth?locationCode=00003247&bannerid=DL&source=WCOR,sales,"(14.156347, 40.927466)",80019,Napoli,Campania
Reginauto,,www.reginauto-fcagroup.it/concessionario/abarth?locationCode=00005435&bannerid=DL&source=WCOR,sales,"(14.119417, 40.852925)",80078,Napoli,Campania
STELLANTIS & YOU NAPOLI,,www.motorvillageitalia-napoli.it/concessionario/abarth?locationCode=00005870&bannerid=DL&source=WCOR,sales,"(14.276171, 40.854781)",80143,Napoli,Campania
Fire Cars S.r.l.,,www.firecars-fcagroup.it/concessionario/abarth?locationCode=00003025&bannerid=DL&source=WCOR,sales,"(14.477922, 40.723864)",80053,Napoli,Campania
F. FERRAJOLI E C. S.R.L.,,www.ferrajoli-fcagroup.it/concessionario/abarth?locationCode=00008211&bannerid=DL&source=WCOR,sales,"(14.555931, 40.944303)",80032,Napoli,Campania
GALDIERI AUTO S.R.L.,,www.galdieri-fcagroup.it/concessionario/abarth?locationCode=00007901&bannerid=DL&source=WCOR,sales,"(14.82808, 40.92517)",83042,Avellino,Campania
F. Ferrajoli E C. S.r.l.,,www.ferrajoli-fcagroup.it/concessionario/abarth?locationCode=00000436&bannerid=DL&source=WCOR,sales,"(14.623359, 40.747209)",84016,Salerno,Campania
GALDIERI AUTO S.R.L.,,www.galdieri-fcagroup.it/concessionario/abarth?locationCode=00004600&bannerid=DL&source=WCOR,sales,"(14.77397, 40.75846)",84084,Salerno,Campania
Galdieri Auto,,www.galdieri-fcagroup.it/concessionario/abarth?locationCode=00004601&bannerid=DL&source=WCOR,sales,"(14.852813, 40.648845)",84131,Salerno,Campania
Euro Vector,,www.eurovector-fcagroup.it/concessionario/abarth?locationCode=00006531&bannerid=DL&source=WCOR,sales,"(15.562241, 41.4698)",71121,Foggia,Puglia
MAFFEI S.R.L.,,www.maffei-fcagroup.it/concessionario/abarth?locationCode=00008129&bannerid=DL&source=WCOR,sales,"(16.553363, 40.811634)",70022,Bari,Puglia
Autoclub S.r.l.,,www.autoclub-srl.it/concessionario/abarth?locationCode=00005273&bannerid=DL&source=WCOR,sales,"(16.820806, 41.131511)",70132,Bari,Puglia
MALDARIZZI AUTOMOTIVE S.P.A.,,www.maldarizzi-fcagroup.it/concessionario/abarth?locationCode=00005529&bannerid=DL&source=WCOR,sales,"(16.890227, 41.116295)",70126,Bari,Puglia
AUTOCLUB  S.R.L.,,www.autoclub-srl.it/concessionario/abarth?locationCode=00008044&bannerid=DL&source=WCOR,sales,"(17.095121, 40.591416)",74016,Taranto,Puglia
Nuova Auto 3 S.r.l.,,www.nuovaauto3-fcagroup.it/concessionario/abarth?locationCode=00003928&bannerid=DL&source=WCOR,sales,"(17.375266, 40.830157)",72015,Brindisi,Puglia
AUTOSAT S.P.A.,,www.autosat-spa.it/concessionario/abarth?locationCode=00007206&bannerid=DL&source=WCOR,sales,"(17.941762, 40.632728)",72100,Brindisi,Puglia
Autosat,,www.autosat-spa.it/concessionario/abarth?locationCode=00005079&bannerid=DL&source=WCOR,sales,"(18.144, 40.373)",73010,Lecce,Puglia
MALDARIZZI AUTOMOTIVE S.P.A.,,www.maldarizzi-fcagroup.it/concessionario/abarth?locationCode=00007280&bannerid=DL&source=WCOR,sales,"(16.38926, 41.285552)",76125,Barletta-Andria-Trani,Puglia
MAFFEI S.R.L.,,www.maffei-fcagroup.it/concessionario/abarth?locationCode=00007350&bannerid=DL&source=WCOR,sales,"(15.80971, 40.62983)",85100,Potenza,Basilicata
Gruppo Carlomagno,,www.carlomagno-fcagroup.it/concessionario/abarth?locationCode=00001310&bannerid=DL&source=WCOR,sales,"(16.255948, 39.367562)",87036,Cosenza,Calabria
Top Cars Di Romeo & C.S.r.l.,,www.topcars-fcagroup.it/concessionario/abarth?locationCode=00003425&bannerid=DL&source=WCOR,sales,"(16.6442, 39.59382)",87064,Cosenza,Calabria
Auto C S.r.l.,,www.autoc-fcagroup.it/concessionario/abarth?locationCode=00003491&bannerid=DL&source=WCOR,sales,"(16.530048, 38.707424)",88060,Catanzaro,Calabria
"AUTO ""C"" S.R.L.",,www.autoc-fcagroup.it/concessionario/abarth?locationCode=00008322&bannerid=DL&source=WCOR,sales,"(16.272817, 38.917593)",88046,Catanzaro,Calabria
BENCIVENNI S.R.L.,,www.bencivenniauto.it/concessionario/abarth?locationCode=00003194&bannerid=DL&source=WCOR,sales,"(16.541976, 38.890498)",88100,Catanzaro,Calabria
I.C.A.R.,,www.icar-fcagroup.it/concessionario/abarth?locationCode=00000770&bannerid=DL&source=WCOR,sales,"(15.901212, 38.422236)",89013,Reggio di Calabria,Calabria
VUMBACA AUTO S.R.L.,,www.vumbacaauto.it/concessionario/abarth?locationCode=00008319&bannerid=DL&source=WCOR,sales,"(15.663999, 38.086972)",89100,Reggio di Calabria,Calabria
NUOVA SICILAUTO S.R.L.,,www.nuovasicilauto-fcagroup.it/concessionario/abarth?locationCode=00007844&bannerid=DL&source=WCOR,sales,"(12.533507, 38.015743)",91100,Trapani,Sicilia
Nuova Sicilauto,,www.nuovasicilauto-fcagroup.it/concessionario/abarth?locationCode=00005181&bannerid=DL&source=WCOR,sales,"(13.19966, 38.157288)",90044,Palermo,Sicilia
NUOVA SICILAUTO S.R.L.,,www.nuovasicilauto-fcagroup.it/concessionario/abarth?locationCode=00005182&bannerid=DL&source=WCOR,sales,"(13.337199, 38.141886)",90144,Palermo,Sicilia
STELLANTIS & YOU PALERMO,,www.motorvillageitalia-palermo.it/concessionario/abarth?locationCode=00005873&bannerid=DL&source=WCOR,sales,"(13.34971, 38.146067)",90143,Palermo,Sicilia
SCIOTTO AUTOMOBILI S.R.L.,,www.sciottoautomobili-fcagroup.it/concessionario/abarth?locationCode=00007703&bannerid=DL&source=WCOR,sales,"(15.522355, 38.136864)",98100,Messina,Sicilia
SCIOTTO AUTOMOBILI S.R.L.,,www.sciottoautomobili-fcagroup.it/concessionario/abarth?locationCode=00007714&bannerid=DL&source=WCOR,sales,"(15.305852, 38.200481)",98042,Messina,Sicilia
Guadagni,,www.guadagni-fcagroup.it/concessionario/abarth?locationCode=00000103&bannerid=DL&source=WCOR,sales,"(13.628337, 37.357032)",92021,Agrigento,Sicilia
A.D. Pugliese S.p.A.,,www.adpugliese-fcagroup.it/concessionario/abarth?locationCode=00002574&bannerid=DL&source=WCOR,sales,"(14.075835, 37.507296)",93100,Caltanissetta,Sicilia
NUOVA SPORT CAR S.P.A.,,www.nuovasportcar.com/concessionario/abarth?locationCode=00008201&bannerid=DL&source=WCOR,sales,"(15.018051, 37.462225)",95100,Catania,Sicilia
KATANE' AUTO S.R.L.,,www.kataneauto-fcagroup.it/concessionario/abarth?locationCode=00007599&bannerid=DL&source=WCOR,sales,"(15.035264, 37.511431)",95045,Catania,Sicilia
S.C.A.R. S.P.A.,,www.grupposcar.com/concessionario/abarth?locationCode=00000024&bannerid=DL&source=WCOR,sales,"(14.71773, 36.903676)",97100,Ragusa,Sicilia
A.D. PUGLIESE  S.P.A.,,www.adpugliese-fcagroup.it/concessionario/abarth?locationCode=00002577&bannerid=DL&source=WCOR,sales,"(15.126535, 37.180744)",96010,Siracusa,Sicilia
AutoA,,www.autoa-fcagroup.it/concessionario/abarth?locationCode=00002660&bannerid=DL&source=WCOR,sales,"(8.529964, 40.733295)",7100,Sassari,Sardegna
Pincar S.r.l.,,www.pincar-fcagroup.it/concessionario/abarth?locationCode=00002569&bannerid=DL&source=WCOR,sales,"(9.510975, 40.933238)",7026,Sassari,Sardegna
Acentro,,www.gruppoacentro-fcagroup.it/concessionario/abarth?locationCode=00001524&bannerid=DL&source=WCOR,sales,"(9.123192, 39.238429)",9134,Cagliari,Sardegna
UNIDAC S.R.L. - ACENTRO,,www.gruppoacentro-fcagroup.it/concessionario/abarth?locationCode=00001539&bannerid=DL&source=WCOR,sales,"(8.591524, 39.900918)",9170,Oristano,Sardegna
Lai Automobili,,www.lai-automobili.it/concessionario/abarth?locationCode=00003670&bannerid=DL&source=WCOR,sales,"(8.500289, 39.176275)",9013,Sud Sardegna,Sardegna
