,Company Name,Alt Name,Website,Service Type,Coordinates,Zipcode,geometry,Province Name,Region Name
0,AUTOINGROS TORINO S.P.A. - AUTOINGROS,,www.autoingros-fcagroup.it/concessionario/abarth?locationCode=00006980&bannerid=DL&source=WCOR,sales,"(7.306126, 44.882829)",10064,POINT (7.306126 44.882829),Torino,Piemonte
1,QUEEN CAR S.R.L.,,www.queencar-fcagroup.it/concessionario/abarth?locationCode=00008241&bannerid=DL&source=WCOR,sales,"(7.774415, 44.855186)",10022,POINT (7.774415 44.855186),Torino,Piemonte
2,Torino Auto S.p.A.,,www.torinoauto-fcagroup.it/concessionario/abarth?locationCode=00004018&bannerid=DL&source=WCOR,sales,"(7.615714, 45.032198)",10137,POINT (7.615714 45.032198),Torino,Piemonte
3,TORINO AUTO S.P.A.,,www.torinoauto-fcagroup.it/concessionario/abarth?locationCode=00008160&bannerid=DL&source=WCOR,sales,"(7.584874, 45.05268)",10095,POINT (7.584874 45.05268),Torino,Piemonte
4,STELLANTIS &YOU TORINO,,www.mirafiorimotorvillage.it/concessionario/abarth?locationCode=00006997&bannerid=DL&source=WCOR,sales,"(7.624568, 45.034276)",10137,POINT (7.624568 45.034276),Torino,Piemonte
5,Autoingros Torino S.p.A.,,www.autoingros-fcagroup.it/concessionario/abarth?locationCode=00004102&bannerid=DL&source=WCOR,sales,"(7.638524, 45.056967)",10141,POINT (7.638524 45.056967),Torino,Piemonte
6,SPAZIO S.P.A.,,www.spazio-fcagroup.it/concessionario/abarth?locationCode=00005990&bannerid=DL&source=WCOR,sales,"(7.674795, 45.077191)",10122,POINT (7.674795 45.077191),Torino,Piemonte
7,FORZA SERVICE S.R.L.,, ,sales,"(7.673155, 45.105282)",10148,POINT (7.673155 45.105282),Torino,Piemonte
8,SPAZIO S.P.A.,,www.spazio-fcagroup.it/concessionario/abarth?locationCode=00005974&bannerid=DL&source=WCOR,sales,"(7.68497, 45.106848)",10148,POINT (7.68497 45.106848),Torino,Piemonte
9,AUTOINGROS TORINO S.P.A. - AUTOINGROS,,www.autoingros-fcagroup.it/concessionario/abarth?locationCode=00004097&bannerid=DL&source=WCOR,sales,"(7.65568, 45.141996)",10071,POINT (7.65568 45.141996),Torino,Piemonte
10,NUOVA AUTO ALPINA S.R.L.,,www.autoalpina-fcagroup.it/concessionario/abarth?locationCode=00006845&bannerid=DL&source=WCOR,sales,"(7.90578, 45.46966)",10015,POINT (7.90578 45.46966),Torino,Piemonte
11,GRIGNOLIO & C. S.R.L.,,www.grignolio-fcagroup.it/concessionario/abarth?locationCode=00007486&bannerid=DL&source=WCOR,sales,"(8.405546, 45.305694)",13100,POINT (8.405546 45.305694),Vercelli,Piemonte
12,ASTRA S.P.A.,,www.astra-fcagroup.it/concessionario/abarth?locationCode=00007396&bannerid=DL&source=WCOR,sales,"(8.568755, 45.450705)",28060,POINT (8.568755 45.450705),Novara,Piemonte
13,Astra S.p.A.,,www.astra-fcagroup.it/concessionario/abarth?locationCode=00000215&bannerid=DL&source=WCOR,sales,"(8.561643, 45.749794)",28041,POINT (8.561643 45.749794),Novara,Piemonte
14,ELLERO S.R.L.,,www.ellero-fcagroup.it/concessionario/abarth?locationCode=00006981&bannerid=DL&source=WCOR,sales,"(7.491018, 44.649483)",12037,POINT (7.491018 44.649483),Cuneo,Piemonte
15,TUA S.P.A.,,www.tua-fcagroup.it/concessionario/abarth?locationCode=00007565&bannerid=DL&source=WCOR,sales,"(7.554585, 44.42474)",12100,POINT (7.554585 44.42474),Cuneo,Piemonte
16,SPAZIO S.P.A.,,www.spazio-fcagroup.it/concessionario/abarth?locationCode=00005968&bannerid=DL&source=WCOR,sales,"(7.847117, 44.680754)",12042,POINT (7.847117 44.680754),Cuneo,Piemonte
17,Ellero S.r.l.,,www.ellero-fcagroup.it/concessionario/abarth?locationCode=00000491&bannerid=DL&source=WCOR,sales,"(7.812588, 44.398657)",12084,POINT (7.812588 44.398657),Cuneo,Piemonte
18,SPAZIO S.P.A.,,www.spazio-fcagroup.it/concessionario/abarth?locationCode=00005967&bannerid=DL&source=WCOR,sales,"(8.019071, 44.689575)",12051,POINT (8.019071 44.689575),Cuneo,Piemonte
19,Grignolio & C. S.r.l.,,www.grignolio-fcagroup.it/concessionario/abarth?locationCode=00000327&bannerid=DL&source=WCOR,sales,"(8.450854, 45.126175)",15033,POINT (8.450854 45.126175),Alessandria,Piemonte
20,ALESSANDRIA AUTO S.P.A.,,www.alessandriauto.it/concessionario/abarth?locationCode=00003623&bannerid=DL&source=WCOR,sales,"(8.687551, 44.890525)",15122,POINT (8.687551 44.890525),Alessandria,Piemonte
21,Visauto S.r.l.,,www.visauto-fcagroup.it/concessionario/abarth?locationCode=00002764&bannerid=DL&source=WCOR,sales,"(8.85618, 44.901424)",15057,POINT (8.85618 44.901424),Alessandria,Piemonte
22,Logica S.p.A.,,www.logica-fcagroup.it/concessionario/abarth?locationCode=00003825&bannerid=DL&source=WCOR,sales,"(8.056298, 45.569614)",13900,POINT (8.056298 45.569614),Biella,Piemonte
23,Ren Car S.r.l.,,www.rencar-fcagroup.it/concessionario/abarth?locationCode=00002414&bannerid=DL&source=WCOR,sales,"(8.550569, 45.948891)",28923,POINT (8.550569 45.948891),Verbano-Cusio-Ossola,Piemonte
24,Nuova Auto Alpina S.r.l.,,www.autoalpina-fcagroup.it/concessionario/abarth?locationCode=00001204&bannerid=DL&source=WCOR,sales,"(7.31949, 45.72804)",11020,POINT (7.31949 45.72804),Valle d'Aosta/Vallée d'Aoste,Valle d'Aosta/Vallée d'Aoste
25,AUTOTORINO S.P.A.,,www.autotorino-fcagroup.it/concessionario/abarth?locationCode=00007567&bannerid=DL&source=WCOR,sales,"(9.041046, 45.614012)",21047,POINT (9.041046 45.614012),Varese,Lombardia
26,Marelli & Pozzi S.p.A.,,www.marellipozzi-fcagroup.it/concessionario/abarth?locationCode=00003352&bannerid=DL&source=WCOR,sales,"(8.709322, 45.840183)",21026,POINT (8.709322 45.840183),Varese,Lombardia
27,MARELLI & POZZI S.P.A.,, ,sales,"(8.70502, 45.841491)",21026,POINT (8.70502 45.841491),Varese,Lombardia
28,MARELLI & POZZI S.P.A.,,www.marellipozzi-fcagroup.it/concessionario/abarth?locationCode=00003354&bannerid=DL&source=WCOR,sales,"(8.842779, 45.799899)",21100,POINT (8.842779 45.799899),Varese,Lombardia
29,Autoalberta S.r.l.,,www.autoalberta-fcagroup.it/concessionario/abarth?locationCode=00003263&bannerid=DL&source=WCOR,sales,"(9.038126, 45.684819)",22074,POINT (9.038126 45.684819),Como,Lombardia
30,SERRATORE S.P.A. - SERAUTO,,www.serratore-fcagroup.it/concessionario/abarth?locationCode=00003523&bannerid=DL&source=WCOR,sales,"(9.066516, 45.776898)",22070,POINT (9.066516 45.776898),Como,Lombardia
31,SERRATORE S.P.A. - SERAUTO,, ,sales,"(9.141545, 45.736431)",22063,POINT (9.141545 45.736431),Como,Lombardia
32,Gruppo Serratore,,www.serratore-fcagroup.it/concessionario/abarth?locationCode=00003521&bannerid=DL&source=WCOR,sales,"(9.237148, 45.802863)",22036,POINT (9.237148 45.802863),Como,Lombardia
33,L'Auto S.r.l.,,www.lauto-fcagroup.it/concessionario/abarth?locationCode=00001559&bannerid=DL&source=WCOR,sales,"(9.910662, 46.170805)",23020,POINT (9.910662 46.170805),Sondrio,Lombardia
34,S.T.A.V. S.P.A.,,www.stav-fcagroup.it/concessionario/abarth?locationCode=00000453&bannerid=DL&source=WCOR,sales,"(8.879012, 45.454233)",20013,POINT (8.879012 45.454233),Milano,Lombardia
35,Garavaglia Auto,,www.garavaglia-fcagroup.it/concessionario/abarth?locationCode=00006158&bannerid=DL&source=WCOR,sales,"(8.858473, 45.514344)",20010,POINT (8.858473 45.514344),Milano,Lombardia
36,DENICAR S.P.A.,, ,sales,"(9.079883, 45.420187)",20090,POINT (9.079883 45.420187),Milano,Lombardia
37,SANTINO CERIANI S.R.L.,,www.ceriani-fcagroup.it/concessionario/abarth?locationCode=00005465&bannerid=DL&source=WCOR,sales,"(8.937077, 45.610855)",20025,POINT (8.937077 45.610855),Milano,Lombardia
38,DENICAR S.P.A.,,www.denicar-fcagroup.it/concessionario/abarth?locationCode=00005938&bannerid=DL&source=WCOR,sales,"(9.094793, 45.481844)",20153,POINT (9.094793 45.481844),Milano,Lombardia
39,Denicar S.p.A.,,www.denicar-fcagroup.it/concessionario/abarth?locationCode=00005933&bannerid=DL&source=WCOR,sales,"(9.119037, 45.448956)",20152,POINT (9.119037 45.448956),Milano,Lombardia
40,MOCAUTOGROUP S.R.L.,,www.mocauto-fcagroup.it/concessionario/abarth?locationCode=00008426&bannerid=DL&source=WCOR,sales,"(9.175952, 45.414302)",20142,POINT (9.175952 45.414302),Milano,Lombardia
41,Fassina S.p.A.,,www.fassina-fcagroup.it/concessionario/abarth?locationCode=00006351&bannerid=DL&source=WCOR,sales,"(9.118144, 45.520616)",20157,POINT (9.118144 45.520616),Milano,Lombardia
42,STELLANTIS &YOU MILANO,,www.motorvillagearese.it/concessionario/abarth?locationCode=00010041&bannerid=DL&source=WCOR,sales,"(9.150759, 45.484594)",20149,POINT (9.150759 45.484594),Milano,Lombardia
43,SIMOCAR S.R.L.,, ,sales,"(9.16483, 45.56899)",20037,POINT (9.16483 45.56899),Milano,Lombardia
44,MASSIRONI S.R.L.,,www.massironi-fcagroup.it/concessionario/abarth?locationCode=00001872&bannerid=DL&source=WCOR,sales,"(9.32164, 45.36358)",20077,POINT (9.32164 45.36358),Milano,Lombardia
45,Chioda S.r.l.,,www.chioda-fcagroup.it/concessionario/abarth?locationCode=00001664&bannerid=DL&source=WCOR,sales,"(9.412327, 45.496858)",20066,POINT (9.412327 45.496858),Milano,Lombardia
46,AUTOGHINZANI S.R.L.,,www.autoghinzani-fcagroup.it/concessionario/abarth?locationCode=00002755&bannerid=DL&source=WCOR,sales,"(9.468328, 45.688347)",24033,POINT (9.468328 45.688347),Bergamo,Lombardia
47,BRESCIANI S.R.L.,, ,sales,"(9.6285, 45.6037)",24059,POINT (9.6285 45.6037),Bergamo,Lombardia
48,Gruppo Emmeciauto - Contiauto,,www.gruppoemmeciauto-fcagroup.it/concessionario/abarth?locationCode=00000565&bannerid=DL&source=WCOR,sales,"(9.602322, 45.686365)",24035,POINT (9.602322 45.686365),Bergamo,Lombardia
49,DENICAR S.P.A.,,www.denicar-fcagroup.it/concessionario/abarth?locationCode=00008187&bannerid=DL&source=WCOR,sales,"(9.644124, 45.674943)",24127,POINT (9.644124 45.674943),Bergamo,Lombardia
50,AUTOGHINZANI S.R.L.,,www.autoghinzani-fcagroup.it/concessionario/abarth?locationCode=00007701&bannerid=DL&source=WCOR,sales,"(9.797358, 45.678648)",24060,POINT (9.797358 45.678648),Bergamo,Lombardia
51,GRUPPO EMMECIAUTO S.P.A. - MESSINA& C. S.R.L.,,www.gruppoemmeciauto-fcagroup.it/concessionario/abarth?locationCode=00000566&bannerid=DL&source=WCOR,sales,"(9.823467, 45.788198)",24025,POINT (9.823467 45.788198),Bergamo,Lombardia
52,GRUPPO BOSSONI S.P.A.,,www.gruppobossoni-fcagroup.it/concessionario/abarth?locationCode=00001578&bannerid=DL&source=WCOR,sales,"(9.924302, 45.401931)",25034,POINT (9.924302 45.401931),Brescia,Lombardia
53,GRUPPO BOSSONI S.P.A.,,www.gruppobossoni-fcagroup.it/concessionario/abarth?locationCode=00001575&bannerid=DL&source=WCOR,sales,"(10.135759, 45.344952)",25025,POINT (10.135759 45.344952),Brescia,Lombardia
54,Gruppo Bossoni S.p.A.,,www.gruppobossoni-fcagroup.it/concessionario/abarth?locationCode=00001568&bannerid=DL&source=WCOR,sales,"(10.162194, 45.546848)",25125,POINT (10.162194 45.546848),Brescia,Lombardia
55,GRUPPO BOSSONI S.P.A.,,www.gruppobossoni-fcagroup.it/concessionario/abarth?locationCode=00006412&bannerid=DL&source=WCOR,sales,"(10.306991, 45.513137)",25086,POINT (10.306991 45.513137),Brescia,Lombardia
56,GRUPPO BOSSONI S.P.A.,,www.gruppobossoni-fcagroup.it/concessionario/abarth?locationCode=00001573&bannerid=DL&source=WCOR,sales,"(10.520924, 45.449339)",25015,POINT (10.520924 45.449339),Brescia,Lombardia
57,Danilo Degiorgi,,www.degiorgi-fcagroup.it/concessionario/abarth?locationCode=00001167&bannerid=DL&source=WCOR,sales,"(9.057335, 44.996813)",27058,POINT (9.057335 44.996813),Pavia,Lombardia
58,Stav S.p.A.,,www.stav-fcagroup.it/concessionario/abarth?locationCode=00000455&bannerid=DL&source=WCOR,sales,"(8.848962, 45.298492)",27029,POINT (8.848962 45.298492),Pavia,Lombardia
59,AUTOINGROSS TORINO SPA,,www.autoingros-fcagroup.it/concessionario/abarth?locationCode=00010222&bannerid=DL&source=WCOR,sales,"(9.12008, 45.141575)",27028,POINT (9.12008 45.141575),Pavia,Lombardia
60,GRUPPO BOSSONI S.P.A.,,www.gruppobossoni-fcagroup.it/concessionario/abarth?locationCode=00001567&bannerid=DL&source=WCOR,sales,"(9.626082, 45.367351)",26010,POINT (9.626082 45.367351),Cremona,Lombardia
61,GRUPPO BOSSONI S.P.A.,, ,sales,"(9.981407, 45.149088)",26100,POINT (9.981407 45.149088),Cremona,Lombardia
62,GRUPPO BOSSONI S.P.A.,,www.gruppobossoni-fcagroup.it/concessionario/abarth?locationCode=00008165&bannerid=DL&source=WCOR,sales,"(10.005793, 45.146027)",26100,POINT (10.005793 45.146027),Cremona,Lombardia
63,GRUPPO BOSSONI S.P.A.,,www.gruppobossoni-fcagroup.it/concessionario/abarth?locationCode=00007289&bannerid=DL&source=WCOR,sales,"(10.789933, 45.18944)",46047,POINT (10.789933 45.18944),Mantova,Lombardia
64,GRUPPO BOSSONI S.P.A.,, ,sales,"(10.789933, 45.18944)",46047,POINT (10.789933 45.18944),Mantova,Lombardia
65,Penati Auto S.p.A.,,www.penati-fcagroup.it/concessionario/abarth?locationCode=00004614&bannerid=DL&source=WCOR,sales,"(9.312783, 45.701741)",23880,POINT (9.312783 45.701741),Lecco,Lombardia
66,PENATI AUTO S.P.A.,, ,sales,"(9.401015, 45.690085)",23870,POINT (9.401015 45.690085),Lecco,Lombardia
67,SERRATORE S.P.A. - SERAUTO,,www.serratore-fcagroup.it/concessionario/abarth?locationCode=00007231&bannerid=DL&source=WCOR,sales,"(9.410331, 45.838582)",23900,POINT (9.410331 45.838582),Lecco,Lombardia
68,Lazzari,,www.lazzari-fcagroup.it/concessionario/abarth?locationCode=00005786&bannerid=DL&source=WCOR,sales,"(9.458235, 45.323485)",26900,POINT (9.458235 45.323485),Lodi,Lombardia
69,LAZZARI S.P.A.,,www.lazzari-fcagroup.it/concessionario/abarth?locationCode=00005783&bannerid=DL&source=WCOR,sales,"(9.673888, 45.150789)",26845,POINT (9.673888 45.150789),Lodi,Lombardia
70,G. VILLA S.R.L.,,www.villa-fcagroup.it/concessionario/abarth?locationCode=00001859&bannerid=DL&source=WCOR,sales,"(9.254339, 45.60064)",20052,POINT (9.254339 45.60064),Monza e della Brianza,Lombardia
71,PENATI AUTO S.P.A.,,www.penati-fcagroup.it/concessionario/abarth?locationCode=00004613&bannerid=DL&source=WCOR,sales,"(9.321709, 45.612446)",20043,POINT (9.321709 45.612446),Monza e della Brianza,Lombardia
72,G. Villa S.r.l.,,www.villa-fcagroup.it/concessionario/abarth?locationCode=00001861&bannerid=DL&source=WCOR,sales,"(9.316, 45.579892)",20052,POINT (9.316 45.579892),Monza e della Brianza,Lombardia
73,BARCHETTI1 S.P.A.,,www.barchetti-fcagroup.it/concessionario/abarth?locationCode=00008324&bannerid=DL&source=WCOR,sales,"(11.332371, 46.478213)",39100,POINT (11.332371 46.478213),Bolzano/Bozen,Trentino-Alto Adige/Südtirol
74,CECCATO AUTOMOBILI S.P.A.,,www.gruppoceccato-fcagroup.it/concessionario/abarth?locationCode=00008050&bannerid=DL&source=WCOR,sales,"(11.099097, 46.118232)",38121,POINT (11.099097 46.118232),Trento,Trentino-Alto Adige/Südtirol
75,CECCATO AUTOMOBILI S.P.A.,,www.gruppoceccato-fcagroup.it/concessionario/abarth?locationCode=00008368&bannerid=DL&source=WCOR,sales,"(10.973218, 45.402267)",37135,POINT (10.973218 45.402267),Verona,Veneto
76,AUTOTEAM 9 S.R.L.,,www.autoteam9-fcagroup.it/concessionario/abarth?locationCode=00008264&bannerid=DL&source=WCOR,sales,"(10.960875, 45.445028)",37138,POINT (10.960875 45.445028),Verona,Veneto
77,AUTOTEAM 9 SRL,,www.autoteam9-fcagroup.it/concessionario/abarth?locationCode=00010259&bannerid=DL&source=WCOR,sales,"(11.244281, 45.208727)",37035,POINT (11.244281 45.208727),Verona,Veneto
78,Zancauto S.r.l.,,www.zancauto-srl.it/concessionario/abarth?locationCode=00003606&bannerid=DL&source=WCOR,sales,"(11.380042, 45.326084)",37040,POINT (11.380042 45.326084),Verona,Veneto
79,Ceccato Automobili,,www.gruppoceccato-fcagroup.it/concessionario/abarth?locationCode=00001398&bannerid=DL&source=WCOR,sales,"(11.387363, 45.717592)",36015,POINT (11.387363 45.717592),Vicenza,Veneto
80,CECCATO AUTOMOBILI S.P.A.,,www.gruppoceccato-fcagroup.it/concessionario/abarth?locationCode=00006895&bannerid=DL&source=WCOR,sales,"(11.48338, 45.693449)",36016,POINT (11.48338 45.693449),Vicenza,Veneto
81,CECCATO AUTOMOBILI S.P.A.,,www.gruppoceccato-fcagroup.it/concessionario/abarth?locationCode=00001396&bannerid=DL&source=WCOR,sales,"(11.747594, 45.752486)",36061,POINT (11.747594 45.752486),Vicenza,Veneto
82,DE BONA S.R.L.,,www.debona-fcagroup.it/concessionario/abarth?locationCode=00008073&bannerid=DL&source=WCOR,sales,"(11.510266, 45.526001)",36100,POINT (11.510266 45.526001),Vicenza,Veneto
83,De Bona Motors,,www.debona-fcagroup.it/concessionario/abarth?locationCode=00001445&bannerid=DL&source=WCOR,sales,"(12.24304, 46.164659)",32100,POINT (12.24304 46.164659),Belluno,Veneto
84,AUTOSILE S.R.L.,,www.autosile-fcagroup.it/concessionario/abarth?locationCode=00008288&bannerid=DL&source=WCOR,sales,"(12.056714, 45.783477)",31044,POINT (12.056714 45.783477),Treviso,Veneto
85,DE BONA S.R.L.,,www.debona-fcagroup.it/concessionario/abarth?locationCode=00001455&bannerid=DL&source=WCOR,sales,"(12.267325, 45.864299)",31058,POINT (12.267325 45.864299),Treviso,Veneto
86,CECCATO AUTOMOBILI S.P.A.,,www.gruppoceccato-fcagroup.it/concessionario/abarth?locationCode=00006613&bannerid=DL&source=WCOR,sales,"(11.959977, 45.685272)",31033,POINT (11.959977 45.685272),Treviso,Veneto
87,AUTOSILE S.R.L.,,www.autosile-fcagroup.it/concessionario/abarth?locationCode=00005082&bannerid=DL&source=WCOR,sales,"(12.252499, 45.729009)",31020,POINT (12.252499 45.729009),Treviso,Veneto
88,CAMPELLO S.P.A. - CAMPELLO MOTORS,,www.campellomotors-fcagroup.it/concessionario/abarth?locationCode=00004567&bannerid=DL&source=WCOR,sales,"(12.075463, 45.497144)",30035,POINT (12.075463 45.497144),Venezia,Veneto
89,CAMPELLO S.P.A. - CAMPELLO MOTORS,,www.campellomotors-fcagroup.it/concessionario/abarth?locationCode=00008167&bannerid=DL&source=WCOR,sales,"(12.237271, 45.512952)",30174,POINT (12.237271 45.512952),Venezia,Veneto
90,SINA S.P.A. - SOCIETA' INDUSTRIALEAUTOVEICOLI,,www.sina-fcagroup.it/concessionario/abarth?locationCode=00000598&bannerid=DL&source=WCOR,sales,"(12.826214, 45.78982)",30026,POINT (12.826214 45.78982),Venezia,Veneto
91,BI-ELLE AUTO S.P.A.,, ,sales,"(11.619053, 45.225092)",35045,POINT (11.619053 45.225092),Padova,Veneto
92,Bi-Elle Auto S.p.A.,, ,sales,"(11.757195, 45.246926)",35043,POINT (11.757195 45.246926),Padova,Veneto
93,CECCATO AUTOMOBILI S.P.A.,,www.gruppoceccato-fcagroup.it/concessionario/abarth?locationCode=00006615&bannerid=DL&source=WCOR,sales,"(11.830037, 45.345307)",35020,POINT (11.830037 45.345307),Padova,Veneto
94,CECCATO AUTOMOBILI S.P.A.,,www.gruppoceccato-fcagroup.it/concessionario/abarth?locationCode=00006400&bannerid=DL&source=WCOR,sales,"(11.895245, 45.411344)",35131,POINT (11.895245 45.411344),Padova,Veneto
95,BI-ELLE AUTO S.P.A.,,www.gruppobielle.it/concessionario/abarth?locationCode=00000053&bannerid=DL&source=WCOR,sales,"(11.968757, 45.425313)",35010,POINT (11.968757 45.425313),Padova,Veneto
96,AUTOTEAM 9 S.R.L.,,www.autoteam9-fcagroup.it/concessionario/abarth?locationCode=00008015&bannerid=DL&source=WCOR,sales,"(11.779818, 45.03414)",45100,POINT (11.779818 45.03414),Rovigo,Veneto
97,PRONTOAUTO S.P.A.,,www.prontoauto-fcagroup.it/concessionario/abarth?locationCode=00008435&bannerid=DL&source=WCOR,sales,"(13.22251, 46.10976)",33010,POINT (13.22251 46.10976),Udine,Friuli-Venezia Giulia
98,Prontoauto,,www.prontoauto-fcagroup.it/concessionario/abarth?locationCode=00001082&bannerid=DL&source=WCOR,sales,"(13.18951, 46.20392)",33017,POINT (13.18951 46.20392),Udine,Friuli-Venezia Giulia
99,PRONTOAUTO S.P.A.,,www.prontoauto-fcagroup.it/concessionario/abarth?locationCode=00006492&bannerid=DL&source=WCOR,sales,"(13.332652, 45.830523)",33052,POINT (13.332652 45.830523),Udine,Friuli-Venezia Giulia
100,BLIZ S.R.L.,,www.blizauto-fcagroup.it/concessionario/abarth?locationCode=00010177&bannerid=DL&source=WCOR,sales,"(13.820221, 45.612011)",34138,POINT (13.820221 45.612011),Trieste,Friuli-Venezia Giulia
101,Sina S.p.A.,,www.sina-fcagroup.it/concessionario/abarth?locationCode=00000597&bannerid=DL&source=WCOR,sales,"(12.642976, 45.973309)",33170,POINT (12.642976 45.973309),Pordenone,Friuli-Venezia Giulia
102,SINA S.P.A. - SOCIETA' INDUSTRIALEAUTOVEICOLI,, ,sales,"(12.901588, 46.103892)",33097,POINT (12.901588 46.103892),Pordenone,Friuli-Venezia Giulia
103,Autoliguria,,www.autoliguria-fcagroup.it/concessionario/abarth?locationCode=00002780&bannerid=DL&source=WCOR,sales,"(8.461721, 44.296338)",17100,POINT (8.461721 44.296338),Savona,Liguria
104,AUTOLIGURIA S.R.L.,,www.autoliguria-fcagroup.it/concessionario/abarth?locationCode=00007175&bannerid=DL&source=WCOR,sales,"(8.189273, 44.055853)",17031,POINT (8.189273 44.055853),Savona,Liguria
105,SPAZIO S.P.A.,,www.spazio-fcagroup.it/concessionario/abarth?locationCode=00007806&bannerid=DL&source=WCOR,sales,"(8.858139, 44.418794)",16153,POINT (8.858139 44.418794),Genova,Liguria
106,SPAZIO S.P.A.,,www.spazio-fcagroup.it/concessionario/abarth?locationCode=00007818&bannerid=DL&source=WCOR,sales,"(8.945708, 44.400451)",16145,POINT (8.945708 44.400451),Genova,Liguria
107,Simcar S.r.l.,,www.simcar-fcagroup.it/concessionario/abarth?locationCode=00005671&bannerid=DL&source=WCOR,sales,"(9.841266, 44.121864)",19125,POINT (9.841266 44.121864),La Spezia,Liguria
108,LA LUNENSE S.R.L.,, ,sales,"(9.969673, 44.104187)",19038,POINT (9.969673 44.104187),La Spezia,Liguria
109,Programma Auto S.p.A.,, ,sales,"(9.706045, 45.035124)",29122,POINT (9.706045 45.035124),Piacenza,Emilia-Romagna
110,PROGRAMMA AUTO S.P.A.,,www.programmauto-fcagroup.it/concessionario/abarth?locationCode=00002728&bannerid=DL&source=WCOR,sales,"(9.73535, 45.0306)",29122,POINT (9.73535 45.0306),Piacenza,Emilia-Romagna
111,AUTO ZATTI S.R.L.,,www.autozatti-fcagroup.it/concessionario/abarth?locationCode=00008170&bannerid=DL&source=WCOR,sales,"(10.111978, 44.85338)",43012,POINT (10.111978 44.85338),Parma,Emilia-Romagna
112,Auto Zatti,,www.autozatti-fcagroup.it/concessionario/abarth?locationCode=00002281&bannerid=DL&source=WCOR,sales,"(10.288466, 44.80957)",43121,POINT (10.288466 44.80957),Parma,Emilia-Romagna
113,AUTO ZATTI S.R.L.,, ,sales,"(10.481246, 44.863769)",42040,POINT (10.481246 44.863769),Reggio nell'Emilia,Emilia-Romagna
114,AUTO ZATTI S.R.L.,, ,sales,"(10.652905, 44.914571)",42016,POINT (10.652905 44.914571),Reggio nell'Emilia,Emilia-Romagna
115,AUTOSTILE S.P.A.,,www.autostile-fcagroup.it/concessionario/abarth?locationCode=00002632&bannerid=DL&source=WCOR,sales,"(10.579743, 44.717633)",42100,POINT (10.579743 44.717633),Reggio nell'Emilia,Emilia-Romagna
116,C.A.A.R. S.r.l.,,www.caar-fcagroup.it/concessionario/abarth?locationCode=00002683&bannerid=DL&source=WCOR,sales,"(10.426299, 44.436026)",42035,POINT (10.426299 44.436026),Reggio nell'Emilia,Emilia-Romagna
117,F.LLI BONACINI  S.P.A.,,www.bonacini-fcagroup.it/concessionario/abarth?locationCode=00002751&bannerid=DL&source=WCOR,sales,"(10.74901, 44.657426)",42100,POINT (10.74901 44.657426),Reggio nell'Emilia,Emilia-Romagna
118,F.LLI  BONACINI S.P.A.,,www.bonacini-fcagroup.it/concessionario/abarth?locationCode=00007989&bannerid=DL&source=WCOR,sales,"(10.880838, 44.771409)",41012,POINT (10.880838 44.771409),Modena,Emilia-Romagna
119,Sport Rama Gruppo Autorama,,www.gruppoautorama-fcagroup.it/concessionario/abarth?locationCode=00004555&bannerid=DL&source=WCOR,sales,"(10.787234, 44.556462)",41049,POINT (10.787234 44.556462),Modena,Emilia-Romagna
120,GRUPPO AUTORAMA S.P.A.,,www.gruppoautorama-fcagroup.it/concessionario/abarth?locationCode=00007593&bannerid=DL&source=WCOR,sales,"(10.97799, 44.66392)",41122,POINT (10.97799 44.66392),Modena,Emilia-Romagna
121,Maresca e Fiorentino S.p.A.,,www.marescafiorentino-fcagroup.it/concessionario/abarth?locationCode=00000850&bannerid=DL&source=WCOR,sales,"(11.279301, 44.515651)",40132,POINT (11.279301 44.515651),Bologna,Emilia-Romagna
122,Gruppoghedini,,www.gruppoghedini-fcagroup.it/concessionario/abarth?locationCode=00004079&bannerid=DL&source=WCOR,sales,"(11.402264, 44.503954)",40138,POINT (11.402264 44.503954),Bologna,Emilia-Romagna
123,Autosica,,www.autosica-fcagroup.it/concessionario/abarth?locationCode=00001406&bannerid=DL&source=WCOR,sales,"(11.728243, 44.367417)",40026,POINT (11.728243 44.367417),Bologna,Emilia-Romagna
124,GHETTI MULTISERVICE S.R.L.,,www.ghetti-fcagroup.it/concessionario/abarth?locationCode=00007332&bannerid=DL&source=WCOR,sales,"(12.148678, 44.420663)",48124,POINT (12.148678 44.420663),Ravenna,Emilia-Romagna
125,AUTO SICA S.R.L.,,www.autosica-fcagroup.it/concessionario/abarth?locationCode=00010119&bannerid=DL&source=WCOR,sales,"(12.041273, 44.222728)",47100,POINT (12.041273 44.222728),Forlì-Cesena,Emilia-Romagna
126,PULZONI - ANTONELLI,,www.autosat-fcagroup.it/concessionario/abarth?locationCode=00004634&bannerid=DL&source=WCOR,sales,"(12.274898, 44.128498)",47023,POINT (12.274898 44.128498),Forlì-Cesena,Emilia-Romagna
127,DI.BA. S.P.A.,,www.diba-spa.it/concessionario/abarth?locationCode=00010130&bannerid=DL&source=WCOR,sales,"(12.58024, 44.04219)",47900,POINT (12.58024 44.04219),Rimini,Emilia-Romagna
128,Rossi Leauto,,www.rossileauto-fcagroup.it/concessionario/abarth?locationCode=00001597&bannerid=DL&source=WCOR,sales,"(10.09418, 44.030454)",54100,POINT (10.09418 44.030454),Massa-Carrara,Toscana
129,GENERAL AUTO DI SICILIANO S.R.L.,,www.generalauto-srl.it/concessionario/abarth?locationCode=00007061&bannerid=DL&source=WCOR,sales,"(10.29759, 43.883572)",55054,POINT (10.29759 43.883572),Lucca,Toscana
130,AUTO-SI S.R.L.,,www.autosi-fcagroup.it/concessionario/abarth?locationCode=00001231&bannerid=DL&source=WCOR,sales,"(10.486307, 43.839926)",55100,POINT (10.486307 43.839926),Lucca,Toscana
131,BRANDINI S.P.A.,,www.brandini-fcagroup.it/concessionario/abarth?locationCode=00006821&bannerid=DL&source=WCOR,sales,"(10.935494, 43.987713)",51100,POINT (10.935494 43.987713),Pistoia,Toscana
132,CAR VILLAGE S.R.L.,,www.carvillage-fcagroup.it/concessionario/abarth?locationCode=00008292&bannerid=DL&source=WCOR,sales,"(11.19924, 43.83193)",50019,POINT (11.19924 43.83193),Firenze,Toscana
133,Brandini,,www.brandini-fcagroup.it/concessionario/abarth?locationCode=00000990&bannerid=DL&source=WCOR,sales,"(11.235795, 43.773248)",50142,POINT (11.235795 43.773248),Firenze,Toscana
134,SCOTTI S.P.A.,,www.grupposcotti-fcagroup.it/concessionario/abarth?locationCode=00005403&bannerid=DL&source=WCOR,sales,"(10.9104, 43.7049)",50053,POINT (10.9104 43.7049),Firenze,Toscana
135,SCOTTI  S.P.A.,,www.grupposcotti-fcagroup.it/concessionario/abarth?locationCode=00006911&bannerid=DL&source=WCOR,sales,"(10.33337, 43.576426)",57121,POINT (10.33337 43.576426),Livorno,Toscana
136,Giustiauto,,www.giustiauto-fcagroup.it/concessionario/abarth?locationCode=00002503&bannerid=DL&source=WCOR,sales,"(10.43804, 43.679609)",56121,POINT (10.43804 43.679609),Pisa,Toscana
137,GIUSTIAUTO S.R.L.,, ,sales,"(10.554595, 43.676007)",56021,POINT (10.554595 43.676007),Pisa,Toscana
138,Auto 2000,,www.autoduemila.it/concessionario/abarth?locationCode=00001702&bannerid=DL&source=WCOR,sales,"(10.629337, 43.62828)",56038,POINT (10.629337 43.62828),Pisa,Toscana
139,Nuovauto S.p.A.,,www.nuovauto-fcagroup.it/concessionario/abarth?locationCode=00000922&bannerid=DL&source=WCOR,sales,"(11.555784, 43.551157)",52028,POINT (11.555784 43.551157),Arezzo,Toscana
140,IVAR AUTO S.P.A.,,www.ivarauto-fcagroup.it/concessionario/abarth?locationCode=00007299&bannerid=DL&source=WCOR,sales,"(11.840193, 43.462313)",52100,POINT (11.840193 43.462313),Arezzo,Toscana
141,SIENA AUTO S.R.L.,,www.sienaauto-spa.it/concessionario/abarth?locationCode=00000157&bannerid=DL&source=WCOR,sales,"(11.429648, 43.219773)",53014,POINT (11.429648 43.219773),Siena,Toscana
142,S.M.A.B. DI MARZUCCHI ALFREDO E C.S.N.C.,, ,sales,"(11.375273, 43.265047)",53100,POINT (11.375273 43.265047),Siena,Toscana
143,UGO SCOTTI S.R.L.,,www.ugoscotti-fcagroup.it/concessionario/abarth?locationCode=00005448&bannerid=DL&source=WCOR,sales,"(11.338064, 43.291951)",53100,POINT (11.338064 43.291951),Siena,Toscana
144,BRANDINI S.P.A.,,www.brandini-fcagroup.it/concessionario/abarth?locationCode=00007584&bannerid=DL&source=WCOR,sales,"(11.0998, 42.78207)",58100,POINT (11.0998 42.78207),Grosseto,Toscana
145,DOTT. MANLIO PALMUCCI S.P.A. - NUOVA 4M,,www.palmucci-fcagroup.it/concessionario/abarth?locationCode=00008258&bannerid=DL&source=WCOR,sales,"(11.065654, 43.879607)",59100,POINT (11.065654 43.879607),Prato,Toscana
146,Dott. Manlio Palmucci S.p.A.,,www.palmucci-fcagroup.it/concessionario/abarth?locationCode=00000704&bannerid=DL&source=WCOR,sales,"(11.112023, 43.869331)",59100,POINT (11.112023 43.869331),Prato,Toscana
147,SATIRI AUTO S.P.A.,,www.satiri-fcagroup.it/concessionario/abarth?locationCode=00008098&bannerid=DL&source=WCOR,sales,"(12.220462, 43.487045)",6012,POINT (12.220462 43.487045),Perugia,Umbria
148,SATIRI AUTO S.P.A.,, ,sales,"(12.5722, 43.3473)",6024,POINT (12.5722 43.3473),Perugia,Umbria
149,SATIRI AUTO S.P.A.,,www.satiri-fcagroup.it/concessionario/abarth?locationCode=00007354&bannerid=DL&source=WCOR,sales,"(12.36702, 43.09214)",6128,POINT (12.36702 43.09214),Perugia,Umbria
150,Marchiauto,,www.marchi-fcagroup.it/concessionario/abarth?locationCode=00001789&bannerid=DL&source=WCOR,sales,"(12.561679, 43.055902)",6083,POINT (12.561679 43.055902),Perugia,Umbria
151,Satiri Auto,, ,sales,"(12.7769, 43.234)",6023,POINT (12.7769 43.234),Perugia,Umbria
152,SATIRI AUTO S.P.A.,,www.satiri-fcagroup.it/concessionario/abarth?locationCode=00007272&bannerid=DL&source=WCOR,sales,"(12.73015, 42.894622)",6039,POINT (12.73015 42.894622),Perugia,Umbria
153,Gruppo DIBa,,www.diba-spa.it/concessionario/abarth?locationCode=00000171&bannerid=DL&source=WCOR,sales,"(12.884779, 43.894629)",61100,POINT (12.884779 43.894629),Pesaro e Urbino,Marche
154,DI.BA. S.P.A.,,www.diba-spa.it/concessionario/abarth?locationCode=00000168&bannerid=DL&source=WCOR,sales,"(13.0441, 43.831757)",61032,POINT (13.0441 43.831757),Pesaro e Urbino,Marche
155,Rondina Auto S.r.l.,,www.rondina-fcagroup.it/concessionario/abarth?locationCode=00000800&bannerid=DL&source=WCOR,sales,"(13.103106, 43.740767)",61037,POINT (13.103106 43.740767),Pesaro e Urbino,Marche
156,FRULLA S.R.L.,,www.frulla-fcagroup.it/concessionario/abarth?locationCode=00000198&bannerid=DL&source=WCOR,sales,"(13.193204, 43.728306)",60019,POINT (13.193204 43.728306),Ancona,Marche
157,Lucesoli & Mazzieri S.p.A.,,www.lucesolimazzieri-fcagroup.it/concessionario/abarth?locationCode=00000869&bannerid=DL&source=WCOR,sales,"(13.50865, 43.599565)",60128,POINT (13.50865 43.599565),Ancona,Marche
158,DI.BA. S.P.A.,,www.diba-spa.it/concessionario/abarth?locationCode=00000165&bannerid=DL&source=WCOR,sales,"(13.51153, 43.543597)",60131,POINT (13.51153 43.543597),Ancona,Marche
159,LUCESOLI & MAZZIERI S.P.A.,, ,sales,"(13.498011, 43.520425)",60027,POINT (13.498011 43.520425),Ancona,Marche
160,Menchi,, ,sales,"(13.492348, 43.274181)",62100,POINT (13.492348 43.274181),Macerata,Marche
161,Tombolini Motor Company,,www.tombolini-fcagroup.it/concessionario/abarth?locationCode=00000978&bannerid=DL&source=WCOR,sales,"(13.68172, 43.28288)",62012,POINT (13.68172 43.28288),Macerata,Marche
162,EMILCAR S.R.L.,,www.emilcar-fcagroup.it/concessionario/abarth?locationCode=00008434&bannerid=DL&source=WCOR,sales,"(13.60658, 42.85185)",63100,POINT (13.60658 42.85185),Ascoli Piceno,Marche
163,EMILCAR S.R.L.,,www.emilcar-fcagroup.it/concessionario/abarth?locationCode=00008421&bannerid=DL&source=WCOR,sales,"(13.88276, 42.90805)",63039,POINT (13.88276 42.90805),Ascoli Piceno,Marche
164,TOMBOLINI MOTOR COMPANY S.P.A.,,www.tombolini-fcagroup.it/concessionario/abarth?locationCode=00000979&bannerid=DL&source=WCOR,sales,"(13.802481, 43.16304)",63822,POINT (13.802481 43.16304),Fermo,Marche
165,Centroautovt,,www.centroautovt-fcagroup.it/concessionario/abarth?locationCode=00006301&bannerid=DL&source=WCOR,sales,"(12.078869, 42.430155)",1100,POINT (12.078869 42.430155),Viterbo,Lazio
166,Autocentro Olgiata,,www.autocentroolgiata.it/concessionario/abarth?locationCode=00003092&bannerid=DL&source=WCOR,sales,"(12.376796, 42.023774)",123,POINT (12.376796 42.023774),Roma,Lazio
167,A. Fiori S.p.A.,,www.angelofiori-fcagroup.it/concessionario/abarth?locationCode=00002074&bannerid=DL&source=WCOR,sales,"(12.382553, 41.887983)",166,POINT (12.382553 41.887983),Roma,Lazio
168,ANGELO FIORI S.P.A.,,www.angelofiori-fcagroup.it/concessionario/abarth?locationCode=00002069&bannerid=DL&source=WCOR,sales,"(12.265763, 41.7397)",121,POINT (12.265763 41.7397),Roma,Lazio
169,STELLANTIS & YOU ROMA,,www.motorvillageitalia-roma.it/concessionario/abarth?locationCode=00005886&bannerid=DL&source=WCOR,sales,"(12.451443, 41.836867)",148,POINT (12.451443 41.836867),Roma,Lazio
170,ROSATI AUTO S.R.L. - GRUPPO ROSATI,,www.grupporosati-fcagroup.it/concessionario/abarth?locationCode=00006956&bannerid=DL&source=WCOR,sales,"(12.507863, 41.940196)",138,POINT (12.507863 41.940196),Roma,Lazio
171,ROSATI AUTO SRL - PROGRESSO,,www.grupporosati-fcagroup.it/concessionario/abarth?locationCode=00002033&bannerid=DL&source=WCOR,sales,"(12.48385, 41.845258)",142,POINT (12.48385 41.845258),Roma,Lazio
172,STELLANTIS & YOU ROMA,,www.motorvillageitalia-roma.it/concessionario/abarth?locationCode=00005888&bannerid=DL&source=WCOR,sales,"(12.506026, 41.890162)",185,POINT (12.506026 41.890162),Roma,Lazio
173,STELLANTIS & YOU ROMA,, ,sales,"(12.511339, 41.892627)",185,POINT (12.511339 41.892627),Roma,Lazio
174,ROSATI AUTO S.R.L. - GRUPPO ROSATI,, ,sales,"(12.54907, 41.969398)",139,POINT (12.54907 41.969398),Roma,Lazio
175,ROSATI AUTO S.R.L. - GRUPPO ROSATI,, ,sales,"(12.588952, 41.907064)",155,POINT (12.588952 41.907064),Roma,Lazio
176,Gruppo Rosati,,www.grupporosati-fcagroup.it/concessionario/abarth?locationCode=00002038&bannerid=DL&source=WCOR,sales,"(12.594845, 41.93273)",156,POINT (12.594845 41.93273),Roma,Lazio
177,AUTOPRENESTE S.R.L.,,www.autopreneste-fcagroup.it/concessionario/abarth?locationCode=00007822&bannerid=DL&source=WCOR,sales,"(12.616107, 41.759235)",47,POINT (12.616107 41.759235),Roma,Lazio
178,ECO-LIRI S.P.A.,,www.ecoliri.it/concessionario/abarth?locationCode=00003331&bannerid=DL&source=WCOR,sales,"(12.903597, 41.467567)",4100,POINT (12.903597 41.467567),Latina,Lazio
179,JOLLY AUTO S.R.L.,,www.jollyauto-fcagroup.it/concessionario/abarth?locationCode=00007023&bannerid=DL&source=WCOR,sales,"(13.336405, 41.569865)",3023,POINT (13.336405 41.569865),Frosinone,Lazio
180,Eco Liri,,www.ecoliri.it/concessionario/abarth?locationCode=00003334&bannerid=DL&source=WCOR,sales,"(13.762412, 41.405173)",3047,POINT (13.762412 41.405173),Frosinone,Lazio
181,Jolly Auto,,www.jollyauto-fcagroup.it/concessionario/abarth?locationCode=00003410&bannerid=DL&source=WCOR,sales,"(13.574583, 41.702831)",3039,POINT (13.574583 41.702831),Frosinone,Lazio
182,Sterpetti S.r.l.,,www.sterpetti-fcagroup.it/concessionario/abarth?locationCode=00000725&bannerid=DL&source=WCOR,sales,"(13.482727, 42.059835)",67051,POINT (13.482727 42.059835),L'Aquila,Abruzzo
183,Auto 4 S.r.l.,,www.auto4-fcagroup.it/concessionario/abarth?locationCode=00001891&bannerid=DL&source=WCOR,sales,"(13.937024, 42.801021)",64019,POINT (13.937024 42.801021),Teramo,Abruzzo
184,Progetto Auto,,www.progettoauto-srl.it/concessionario/abarth?locationCode=00002055&bannerid=DL&source=WCOR,sales,"(14.036636, 42.648327)",64025,POINT (14.036636 42.648327),Teramo,Abruzzo
185,Danelli S.r.l.,,www.danelli-fcagroup.it/concessionario/abarth?locationCode=00003661&bannerid=DL&source=WCOR,sales,"(14.195162, 42.477888)",65124,POINT (14.195162 42.477888),Pescara,Abruzzo
186,Giansante Auto S.r.l.,,www.giansante-fcagroup.it/concessionario/abarth?locationCode=00000133&bannerid=DL&source=WCOR,sales,"(14.14129, 42.36494)",66100,POINT (14.14129 42.36494),Chieti,Abruzzo
187,GIANSANTE AUTO S.R.L.,,www.giansante-fcagroup.it/concessionario/abarth?locationCode=00000136&bannerid=DL&source=WCOR,sales,"(14.172055, 42.415644)",66020,POINT (14.172055 42.415644),Chieti,Abruzzo
188,FRENTAUTO S.P.A.,,www.frentauto.it/concessionario/abarth?locationCode=00003343&bannerid=DL&source=WCOR,sales,"(14.431953, 42.21416)",66030,POINT (14.431953 42.21416),Chieti,Abruzzo
189,FRENTAUTO S.P.A.,,www.frentauto.it/concessionario/abarth?locationCode=00006928&bannerid=DL&source=WCOR,sales,"(14.724834, 42.093006)",66054,POINT (14.724834 42.093006),Chieti,Abruzzo
190,FRENTAUTO S.P.A.,,www.frentauto.it/concessionario/abarth?locationCode=00007454&bannerid=DL&source=WCOR,sales,"(14.66568, 41.587612)",86100,POINT (14.66568 41.587612),Campobasso,Molise
191,AMICA & C. S.R.L.,,www.amica-fcagroup.it/concessionario/abarth?locationCode=00007420&bannerid=DL&source=WCOR,sales,"(14.333113, 41.042928)",81100,POINT (14.333113 41.042928),Caserta,Campania
192,SARA 3 S.R.L.,,www.concessionariasara3.it/concessionario/abarth?locationCode=00007553&bannerid=DL&source=WCOR,sales,"(14.777066, 41.143336)",82100,POINT (14.777066 41.143336),Benevento,Campania
193,Russauto Di E. Pianese S.r.l.,,www.russauto-srl.it/abarth?locationCode=00003247&bannerid=DL&source=WCOR,sales,"(14.156347, 40.927466)",80019,POINT (14.156347 40.927466),Napoli,Campania
194,Reginauto,,www.reginauto-fcagroup.it/concessionario/abarth?locationCode=00005435&bannerid=DL&source=WCOR,sales,"(14.119417, 40.852925)",80078,POINT (14.119417 40.852925),Napoli,Campania
195,STELLANTIS & YOU NAPOLI,,www.motorvillageitalia-napoli.it/concessionario/abarth?locationCode=00005870&bannerid=DL&source=WCOR,sales,"(14.276171, 40.854781)",80143,POINT (14.276171 40.854781),Napoli,Campania
196,Fire Cars S.r.l.,,www.firecars-fcagroup.it/concessionario/abarth?locationCode=00003025&bannerid=DL&source=WCOR,sales,"(14.477922, 40.723864)",80053,POINT (14.477922 40.723864),Napoli,Campania
197,F. FERRAJOLI E C. S.R.L.,,www.ferrajoli-fcagroup.it/concessionario/abarth?locationCode=00008211&bannerid=DL&source=WCOR,sales,"(14.555931, 40.944303)",80032,POINT (14.555931 40.944303),Napoli,Campania
198,GALDIERI AUTO S.R.L.,,www.galdieri-fcagroup.it/concessionario/abarth?locationCode=00007901&bannerid=DL&source=WCOR,sales,"(14.82808, 40.92517)",83042,POINT (14.82808 40.92517),Avellino,Campania
199,F. Ferrajoli E C. S.r.l.,,www.ferrajoli-fcagroup.it/concessionario/abarth?locationCode=00000436&bannerid=DL&source=WCOR,sales,"(14.623359, 40.747209)",84016,POINT (14.623359 40.747209),Salerno,Campania
200,GALDIERI AUTO S.R.L.,,www.galdieri-fcagroup.it/concessionario/abarth?locationCode=00004600&bannerid=DL&source=WCOR,sales,"(14.77397, 40.75846)",84084,POINT (14.77397 40.75846),Salerno,Campania
201,Galdieri Auto,,www.galdieri-fcagroup.it/concessionario/abarth?locationCode=00004601&bannerid=DL&source=WCOR,sales,"(14.852813, 40.648845)",84131,POINT (14.852813 40.648845),Salerno,Campania
202,Euro Vector,,www.eurovector-fcagroup.it/concessionario/abarth?locationCode=00006531&bannerid=DL&source=WCOR,sales,"(15.562241, 41.4698)",71121,POINT (15.562241 41.4698),Foggia,Puglia
203,MAFFEI S.R.L.,,www.maffei-fcagroup.it/concessionario/abarth?locationCode=00008129&bannerid=DL&source=WCOR,sales,"(16.553363, 40.811634)",70022,POINT (16.553363 40.811634),Bari,Puglia
204,Autoclub S.r.l.,,www.autoclub-srl.it/concessionario/abarth?locationCode=00005273&bannerid=DL&source=WCOR,sales,"(16.820806, 41.131511)",70132,POINT (16.820806 41.131511),Bari,Puglia
205,MALDARIZZI AUTOMOTIVE S.P.A.,,www.maldarizzi-fcagroup.it/concessionario/abarth?locationCode=00005529&bannerid=DL&source=WCOR,sales,"(16.890227, 41.116295)",70126,POINT (16.890227 41.116295),Bari,Puglia
206,AUTOCLUB  S.R.L.,,www.autoclub-srl.it/concessionario/abarth?locationCode=00008044&bannerid=DL&source=WCOR,sales,"(17.095121, 40.591416)",74016,POINT (17.095121 40.591416),Taranto,Puglia
207,Nuova Auto 3 S.r.l.,,www.nuovaauto3-fcagroup.it/concessionario/abarth?locationCode=00003928&bannerid=DL&source=WCOR,sales,"(17.375266, 40.830157)",72015,POINT (17.375266 40.830157),Brindisi,Puglia
208,AUTOSAT S.P.A.,,www.autosat-spa.it/concessionario/abarth?locationCode=00007206&bannerid=DL&source=WCOR,sales,"(17.941762, 40.632728)",72100,POINT (17.941762 40.632728),Brindisi,Puglia
209,Autosat,,www.autosat-spa.it/concessionario/abarth?locationCode=00005079&bannerid=DL&source=WCOR,sales,"(18.144, 40.373)",73010,POINT (18.144 40.373),Lecce,Puglia
210,MALDARIZZI AUTOMOTIVE S.P.A.,,www.maldarizzi-fcagroup.it/concessionario/abarth?locationCode=00007280&bannerid=DL&source=WCOR,sales,"(16.38926, 41.285552)",76125,POINT (16.38926 41.285552),Barletta-Andria-Trani,Puglia
211,MAFFEI S.R.L.,,www.maffei-fcagroup.it/concessionario/abarth?locationCode=00007350&bannerid=DL&source=WCOR,sales,"(15.80971, 40.62983)",85100,POINT (15.80971 40.62983),Potenza,Basilicata
212,Gruppo Carlomagno,,www.carlomagno-fcagroup.it/concessionario/abarth?locationCode=00001310&bannerid=DL&source=WCOR,sales,"(16.255948, 39.367562)",87036,POINT (16.255948 39.367562),Cosenza,Calabria
213,Top Cars Di Romeo & C.S.r.l.,,www.topcars-fcagroup.it/concessionario/abarth?locationCode=00003425&bannerid=DL&source=WCOR,sales,"(16.6442, 39.59382)",87064,POINT (16.6442 39.59382),Cosenza,Calabria
214,Auto C S.r.l.,,www.autoc-fcagroup.it/concessionario/abarth?locationCode=00003491&bannerid=DL&source=WCOR,sales,"(16.530048, 38.707424)",88060,POINT (16.530048 38.707424),Catanzaro,Calabria
215,"AUTO ""C"" S.R.L.",,www.autoc-fcagroup.it/concessionario/abarth?locationCode=00008322&bannerid=DL&source=WCOR,sales,"(16.272817, 38.917593)",88046,POINT (16.272817 38.917593),Catanzaro,Calabria
216,BENCIVENNI S.R.L.,,www.bencivenniauto.it/concessionario/abarth?locationCode=00003194&bannerid=DL&source=WCOR,sales,"(16.541976, 38.890498)",88100,POINT (16.541976 38.890498),Catanzaro,Calabria
217,I.C.A.R.,,www.icar-fcagroup.it/concessionario/abarth?locationCode=00000770&bannerid=DL&source=WCOR,sales,"(15.901212, 38.422236)",89013,POINT (15.901212 38.422236),Reggio di Calabria,Calabria
218,VUMBACA AUTO S.R.L.,,www.vumbacaauto.it/concessionario/abarth?locationCode=00008319&bannerid=DL&source=WCOR,sales,"(15.663999, 38.086972)",89100,POINT (15.663999 38.086972),Reggio di Calabria,Calabria
219,NUOVA SICILAUTO S.R.L.,,www.nuovasicilauto-fcagroup.it/concessionario/abarth?locationCode=00007844&bannerid=DL&source=WCOR,sales,"(12.533507, 38.015743)",91100,POINT (12.533507 38.015743),Trapani,Sicilia
220,Nuova Sicilauto,,www.nuovasicilauto-fcagroup.it/concessionario/abarth?locationCode=00005181&bannerid=DL&source=WCOR,sales,"(13.19966, 38.157288)",90044,POINT (13.19966 38.157288),Palermo,Sicilia
221,NUOVA SICILAUTO S.R.L.,,www.nuovasicilauto-fcagroup.it/concessionario/abarth?locationCode=00005182&bannerid=DL&source=WCOR,sales,"(13.337199, 38.141886)",90144,POINT (13.337199 38.141886),Palermo,Sicilia
222,STELLANTIS & YOU PALERMO,,www.motorvillageitalia-palermo.it/concessionario/abarth?locationCode=00005873&bannerid=DL&source=WCOR,sales,"(13.34971, 38.146067)",90143,POINT (13.34971 38.146067),Palermo,Sicilia
223,SCIOTTO AUTOMOBILI S.R.L.,,www.sciottoautomobili-fcagroup.it/concessionario/abarth?locationCode=00007703&bannerid=DL&source=WCOR,sales,"(15.522355, 38.136864)",98100,POINT (15.522355 38.136864),Messina,Sicilia
224,SCIOTTO AUTOMOBILI S.R.L.,,www.sciottoautomobili-fcagroup.it/concessionario/abarth?locationCode=00007714&bannerid=DL&source=WCOR,sales,"(15.305852, 38.200481)",98042,POINT (15.305852 38.200481),Messina,Sicilia
225,Guadagni,,www.guadagni-fcagroup.it/concessionario/abarth?locationCode=00000103&bannerid=DL&source=WCOR,sales,"(13.628337, 37.357032)",92021,POINT (13.628337 37.357032),Agrigento,Sicilia
226,A.D. Pugliese S.p.A.,,www.adpugliese-fcagroup.it/concessionario/abarth?locationCode=00002574&bannerid=DL&source=WCOR,sales,"(14.075835, 37.507296)",93100,POINT (14.075835 37.507296),Caltanissetta,Sicilia
227,NUOVA SPORT CAR S.P.A.,,www.nuovasportcar.com/concessionario/abarth?locationCode=00008201&bannerid=DL&source=WCOR,sales,"(15.018051, 37.462225)",95100,POINT (15.018051 37.462225),Catania,Sicilia
228,KATANE' AUTO S.R.L.,,www.kataneauto-fcagroup.it/concessionario/abarth?locationCode=00007599&bannerid=DL&source=WCOR,sales,"(15.035264, 37.511431)",95045,POINT (15.035264 37.511431),Catania,Sicilia
229,S.C.A.R. S.P.A.,,www.grupposcar.com/concessionario/abarth?locationCode=00000024&bannerid=DL&source=WCOR,sales,"(14.71773, 36.903676)",97100,POINT (14.71773 36.903676),Ragusa,Sicilia
230,A.D. PUGLIESE  S.P.A.,,www.adpugliese-fcagroup.it/concessionario/abarth?locationCode=00002577&bannerid=DL&source=WCOR,sales,"(15.126535, 37.180744)",96010,POINT (15.126535 37.180744),Siracusa,Sicilia
231,AutoA,,www.autoa-fcagroup.it/concessionario/abarth?locationCode=00002660&bannerid=DL&source=WCOR,sales,"(8.529964, 40.733295)",7100,POINT (8.529964 40.733295),Sassari,Sardegna
232,Pincar S.r.l.,,www.pincar-fcagroup.it/concessionario/abarth?locationCode=00002569&bannerid=DL&source=WCOR,sales,"(9.510975, 40.933238)",7026,POINT (9.510975 40.933238),Sassari,Sardegna
233,Acentro,,www.gruppoacentro-fcagroup.it/concessionario/abarth?locationCode=00001524&bannerid=DL&source=WCOR,sales,"(9.123192, 39.238429)",9134,POINT (9.123192 39.238429),Cagliari,Sardegna
234,UNIDAC S.R.L. - ACENTRO,,www.gruppoacentro-fcagroup.it/concessionario/abarth?locationCode=00001539&bannerid=DL&source=WCOR,sales,"(8.591524, 39.900918)",9170,POINT (8.591524 39.900918),Oristano,Sardegna
235,Lai Automobili,,www.lai-automobili.it/concessionario/abarth?locationCode=00003670&bannerid=DL&source=WCOR,sales,"(8.500289, 39.176275)",9013,POINT (8.500289 39.176275),Sud Sardegna,Sardegna
